,anomaly,confirmed,failure,input,measurement_id,measurement_start_time,measurement_url,probe_asn,probe_cc,report_id,scores,test_name
0,False,False,False,,temp-fid-00bb57e2b8413da4ac15cb34581b9bf7,2020-08-27T21:43:44Z,https://api.ooni.io/api/v1/measurement/temp-fid-00bb57e2b8413da4ac15cb34581b9bf7,AS36903,MA,20200827T214345Z_AS36903_0QdGBjOm1At67YVifV5qncQl00YOgrgCwJJkn6s4ryM8E7QkYX,{},ndt
1,False,False,False,,temp-fid-0098c4765c3c9ce40b80e7259c34491a,2020-08-27T21:40:06Z,https://api.ooni.io/api/v1/measurement/temp-fid-0098c4765c3c9ce40b80e7259c34491a,AS36884,MA,20200827T214338Z_AS36884_SX3JiNOp5KNOd9vBEp13mtL5bm2eRinZnXAaZY5pMGhVIA705I,{},ndt
2,False,False,False,,temp-fid-00b10bf91db9a0c4c2e0c544e95bdbff,2020-08-27T21:31:28Z,https://api.ooni.io/api/v1/measurement/temp-fid-00b10bf91db9a0c4c2e0c544e95bdbff,AS36903,MA,20200827T213134Z_AS36903_jIdrPrP4S2jbJK33I6mmEzF8qbFgEEqOFr0oVqlgRHVm8vT4ZH,{},ndt
3,False,False,False,,temp-fid-000e29adbe36f49df73465b0a279380a,2020-08-27T21:24:31Z,https://api.ooni.io/api/v1/measurement/temp-fid-000e29adbe36f49df73465b0a279380a,AS36884,MA,20200827T212432Z_AS36884_ie6Z4EqUCh6bIdaCnq3dABTMgR8RUQLSKxLna7Pw0YmGH8Cn1Z,{},ndt
4,False,False,False,,temp-fid-00855c8cd9505de137dab056805d36f8,2020-08-27T20:56:08Z,https://api.ooni.io/api/v1/measurement/temp-fid-00855c8cd9505de137dab056805d36f8,AS36903,MA,20200827T205607Z_AS36903_nh1BpZLRGwPd5xbFX0e186Gd8qcW1wbN7E8l5whGja9y5fjqtP,{},ndt
5,False,False,False,,temp-fid-00f5e6072d34729d4761dfdc445ff572,2020-08-27T20:56:07Z,https://api.ooni.io/api/v1/measurement/temp-fid-00f5e6072d34729d4761dfdc445ff572,AS36903,MA,20200827T205606Z_AS36903_HRFnbsj1deCFgOjLYFUA11drdugmU5X5afgF9vac7aO3cC1Iyp,{},ndt
6,False,False,False,http://www.webbox.com/index.php,temp-fid-00580328275205c70c519175316abd81,2020-08-27T20:48:30Z,https://api.ooni.io/api/v1/measurement/temp-fid-00580328275205c70c519175316abd81,AS6713,MA,20200827T204609Z_AS6713_RT0GqAgpAEoMmluapmZUFtJdOd832j6mErGZutN1XfTxwt2muK,"{'blocking_country': 0.0, 'blocking_general': 0.0, 'blocking_global': 0.0, 'blocking_isp': 0.0, 'blocking_local': 0.0}",web_connectivity
7,False,False,False,https://playstore.ma/,temp-fid-00d7870b62cc17f41eb8ad939479be4a,2020-08-27T20:48:29Z,https://api.ooni.io/api/v1/measurement/temp-fid-00d7870b62cc17f41eb8ad939479be4a,AS6713,MA,20200827T204609Z_AS6713_RT0GqAgpAEoMmluapmZUFtJdOd832j6mErGZutN1XfTxwt2muK,"{'blocking_country': 0.0, 'blocking_general': 0.0, 'blocking_global': 0.0, 'blocking_isp': 0.0, 'blocking_local': 0.0}",web_connectivity
8,False,False,False,http://www.thegailygrind.com/,temp-fid-00b1f98a80adf7f2645827dec854c5af,2020-08-27T20:48:27Z,https://api.ooni.io/api/v1/measurement/temp-fid-00b1f98a80adf7f2645827dec854c5af,AS6713,MA,20200827T204609Z_AS6713_RT0GqAgpAEoMmluapmZUFtJdOd832j6mErGZutN1XfTxwt2muK,"{'blocking_country': 0.0, 'blocking_general': 0.0, 'blocking_global': 0.0, 'blocking_isp': 0.0, 'blocking_local': 0.0}",web_connectivity
9,False,False,False,https://mahjooob.com/,temp-fid-006abcb5a0c4035ff466baaf827a72eb,2020-08-27T20:48:25Z,https://api.ooni.io/api/v1/measurement/temp-fid-006abcb5a0c4035ff466baaf827a72eb,AS6713,MA,20200827T204609Z_AS6713_RT0GqAgpAEoMmluapmZUFtJdOd832j6mErGZutN1XfTxwt2muK,"{'blocking_country': 0.0, 'blocking_general': 0.0, 'blocking_global': 0.0, 'blocking_isp': 0.0, 'blocking_local': 0.0}",web_connectivity
10,False,False,False,http://www.catholicsforchoice.org/,temp-fid-00d879625427440ffc228048988f07ee,2020-08-27T20:48:25Z,https://api.ooni.io/api/v1/measurement/temp-fid-00d879625427440ffc228048988f07ee,AS6713,MA,20200827T204609Z_AS6713_RT0GqAgpAEoMmluapmZUFtJdOd832j6mErGZutN1XfTxwt2muK,"{'blocking_country': 0.0, 'blocking_general': 0.0, 'blocking_global': 0.0, 'blocking_isp': 0.0, 'blocking_local': 0.0}",web_connectivity
11,False,False,False,https://www.alnour.com/,temp-fid-0055aab0a173c0fa54c8fdf6f546d0d5,2020-08-27T20:48:25Z,https://api.ooni.io/api/v1/measurement/temp-fid-0055aab0a173c0fa54c8fdf6f546d0d5,AS6713,MA,20200827T204609Z_AS6713_RT0GqAgpAEoMmluapmZUFtJdOd832j6mErGZutN1XfTxwt2muK,"{'blocking_country': 0.0, 'blocking_general': 0.0, 'blocking_global': 0.0, 'blocking_isp': 0.0, 'blocking_local': 0.0}",web_connectivity
12,False,False,False,http://download.cnet.com/freegate/3000-2085_4-10415391.html,temp-fid-00d0dfe0e5e0b7d6b9429e9c61918077,2020-08-27T20:48:19Z,https://api.ooni.io/api/v1/measurement/temp-fid-00d0dfe0e5e0b7d6b9429e9c61918077,AS6713,MA,20200827T204609Z_AS6713_RT0GqAgpAEoMmluapmZUFtJdOd832j6mErGZutN1XfTxwt2muK,"{'blocking_country': 0.0, 'blocking_general': 0.0, 'blocking_global': 0.0, 'blocking_isp': 0.0, 'blocking_local': 0.0}",web_connectivity
13,False,False,False,http://www.freedominfo.org/,temp-fid-001f5271788755ce762dbc18c1918bbd,2020-08-27T20:48:19Z,https://api.ooni.io/api/v1/measurement/temp-fid-001f5271788755ce762dbc18c1918bbd,AS6713,MA,20200827T204609Z_AS6713_RT0GqAgpAEoMmluapmZUFtJdOd832j6mErGZutN1XfTxwt2muK,"{'blocking_country': 0.0, 'blocking_general': 0.0, 'blocking_global': 0.0, 'blocking_isp': 0.0, 'blocking_local': 0.0}",web_connectivity
14,False,False,False,http://emchurch.org/,temp-fid-0081da6b4db401227de4b84380a9dd60,2020-08-27T20:48:18Z,https://api.ooni.io/api/v1/measurement/temp-fid-0081da6b4db401227de4b84380a9dd60,AS6713,MA,20200827T204609Z_AS6713_RT0GqAgpAEoMmluapmZUFtJdOd832j6mErGZutN1XfTxwt2muK,"{'blocking_country': 0.0, 'blocking_general': 0.0, 'blocking_global': 0.0, 'blocking_isp': 0.0, 'blocking_local': 0.0}",web_connectivity
15,False,False,False,http://www.transparentgender.com/,temp-fid-0010966b315e938dab3cfb375a6cab2b,2020-08-27T20:48:17Z,https://api.ooni.io/api/v1/measurement/temp-fid-0010966b315e938dab3cfb375a6cab2b,AS6713,MA,20200827T204609Z_AS6713_RT0GqAgpAEoMmluapmZUFtJdOd832j6mErGZutN1XfTxwt2muK,"{'blocking_country': 0.0, 'blocking_general': 0.0, 'blocking_global': 0.0, 'blocking_isp': 0.0, 'blocking_local': 0.0}",web_connectivity
16,False,False,False,https://www.etam.ma/,temp-fid-00d988e1994f0925ba8e36c36059eeeb,2020-08-27T20:48:13Z,https://api.ooni.io/api/v1/measurement/temp-fid-00d988e1994f0925ba8e36c36059eeeb,AS6713,MA,20200827T204609Z_AS6713_RT0GqAgpAEoMmluapmZUFtJdOd832j6mErGZutN1XfTxwt2muK,"{'blocking_country': 0.0, 'blocking_general': 0.0, 'blocking_global': 0.0, 'blocking_isp': 0.0, 'blocking_local': 0.0}",web_connectivity
17,False,False,False,http://adultfriendfinder.com/,temp-fid-0056a6df433d9c49b0817cc04fbc08c6,2020-08-27T20:48:12Z,https://api.ooni.io/api/v1/measurement/temp-fid-0056a6df433d9c49b0817cc04fbc08c6,AS6713,MA,20200827T204609Z_AS6713_RT0GqAgpAEoMmluapmZUFtJdOd832j6mErGZutN1XfTxwt2muK,"{'blocking_country': 0.0, 'blocking_general': 0.0, 'blocking_global': 0.0, 'blocking_isp': 0.0, 'blocking_local': 0.0}",web_connectivity
18,False,False,False,https://defcon.org/,temp-fid-00b9b5cbe93e14cdf2370e115e05b055,2020-08-27T20:48:10Z,https://api.ooni.io/api/v1/measurement/temp-fid-00b9b5cbe93e14cdf2370e115e05b055,AS6713,MA,20200827T204609Z_AS6713_RT0GqAgpAEoMmluapmZUFtJdOd832j6mErGZutN1XfTxwt2muK,"{'blocking_country': 0.0, 'blocking_general': 0.0, 'blocking_global': 0.0, 'blocking_isp': 0.0, 'blocking_local': 0.0}",web_connectivity
19,False,False,False,https://wikihow.com/,temp-fid-00f2ba93382becf2787afec0086967de,2020-08-27T20:48:09Z,https://api.ooni.io/api/v1/measurement/temp-fid-00f2ba93382becf2787afec0086967de,AS6713,MA,20200827T204609Z_AS6713_RT0GqAgpAEoMmluapmZUFtJdOd832j6mErGZutN1XfTxwt2muK,"{'blocking_country': 0.0, 'blocking_general': 0.0, 'blocking_global': 0.0, 'blocking_isp': 0.0, 'blocking_local': 0.0}",web_connectivity
20,False,False,False,https://www.zfafna.com/,temp-fid-0050c228e32c285519135054e1f0448c,2020-08-27T20:48:09Z,https://api.ooni.io/api/v1/measurement/temp-fid-0050c228e32c285519135054e1f0448c,AS6713,MA,20200827T204609Z_AS6713_RT0GqAgpAEoMmluapmZUFtJdOd832j6mErGZutN1XfTxwt2muK,"{'blocking_country': 0.0, 'blocking_general': 0.0, 'blocking_global': 0.0, 'blocking_isp': 0.0, 'blocking_local': 0.0}",web_connectivity
21,True,False,False,http://www.mailinator.com/,temp-fid-0023e2cad1852d02ec3a72223b6e8649,2020-08-27T20:48:08Z,https://api.ooni.io/api/v1/measurement/temp-fid-0023e2cad1852d02ec3a72223b6e8649,AS6713,MA,20200827T204609Z_AS6713_RT0GqAgpAEoMmluapmZUFtJdOd832j6mErGZutN1XfTxwt2muK,"{'analysis': {'blocking_type': 'http-diff'}, 'blocking_country': 0.0, 'blocking_general': 1.0, 'blocking_global': 0.0, 'blocking_isp': 0.0, 'blocking_local': 0.0}",web_connectivity
22,False,False,False,https://tacticaltech.org/,temp-fid-006cdc118afd09a45fc1be8b5acc0851,2020-08-27T20:48:07Z,https://api.ooni.io/api/v1/measurement/temp-fid-006cdc118afd09a45fc1be8b5acc0851,AS6713,MA,20200827T204609Z_AS6713_RT0GqAgpAEoMmluapmZUFtJdOd832j6mErGZutN1XfTxwt2muK,"{'blocking_country': 0.0, 'blocking_general': 0.0, 'blocking_global': 0.0, 'blocking_isp': 0.0, 'blocking_local': 0.0}",web_connectivity
23,False,False,False,https://www.lookserv.com/,temp-fid-00f512ebc6eec5dd68ec99de9c0dd1e4,2020-08-27T20:48:03Z,https://api.ooni.io/api/v1/measurement/temp-fid-00f512ebc6eec5dd68ec99de9c0dd1e4,AS6713,MA,20200827T204609Z_AS6713_RT0GqAgpAEoMmluapmZUFtJdOd832j6mErGZutN1XfTxwt2muK,"{'blocking_country': 0.0, 'blocking_general': 0.0, 'blocking_global': 0.0, 'blocking_isp': 0.0, 'blocking_local': 0.0}",web_connectivity
24,False,False,False,https://www.7olm.org/,temp-fid-009d9ac824f8425d284d2e80e8ae53cb,2020-08-27T20:48:01Z,https://api.ooni.io/api/v1/measurement/temp-fid-009d9ac824f8425d284d2e80e8ae53cb,AS6713,MA,20200827T204609Z_AS6713_RT0GqAgpAEoMmluapmZUFtJdOd832j6mErGZutN1XfTxwt2muK,"{'blocking_country': 0.0, 'blocking_general': 0.0, 'blocking_global': 0.0, 'blocking_isp': 0.0, 'blocking_local': 0.0}",web_connectivity
25,False,False,False,http://www.truthnet.org/,temp-fid-0032cb3ddda2d3153d78f213671d259d,2020-08-27T20:48:00Z,https://api.ooni.io/api/v1/measurement/temp-fid-0032cb3ddda2d3153d78f213671d259d,AS6713,MA,20200827T204609Z_AS6713_RT0GqAgpAEoMmluapmZUFtJdOd832j6mErGZutN1XfTxwt2muK,"{'blocking_country': 0.0, 'blocking_general': 0.0, 'blocking_global': 0.0, 'blocking_isp': 0.0, 'blocking_local': 0.0}",web_connectivity
26,False,False,False,http://www.repubblica.com/,temp-fid-007970f16e8ecb7a89c36b5e3fbcf2d3,2020-08-27T20:47:56Z,https://api.ooni.io/api/v1/measurement/temp-fid-007970f16e8ecb7a89c36b5e3fbcf2d3,AS6713,MA,20200827T204609Z_AS6713_RT0GqAgpAEoMmluapmZUFtJdOd832j6mErGZutN1XfTxwt2muK,"{'blocking_country': 0.0, 'blocking_general': 0.0, 'blocking_global': 0.0, 'blocking_isp': 0.0, 'blocking_local': 0.0}",web_connectivity
27,False,False,False,http://multkasoft.com/,temp-fid-003c31cce1c865401f96c05ce382ce02,2020-08-27T20:47:53Z,https://api.ooni.io/api/v1/measurement/temp-fid-003c31cce1c865401f96c05ce382ce02,AS6713,MA,20200827T204609Z_AS6713_RT0GqAgpAEoMmluapmZUFtJdOd832j6mErGZutN1XfTxwt2muK,"{'blocking_country': 0.0, 'blocking_general': 0.0, 'blocking_global': 0.0, 'blocking_isp': 0.0, 'blocking_local': 0.0}",web_connectivity
28,False,False,False,http://twitter.com/,temp-fid-0015016f08aa05f729b634fe0ae03d83,2020-08-27T20:47:49Z,https://api.ooni.io/api/v1/measurement/temp-fid-0015016f08aa05f729b634fe0ae03d83,AS6713,MA,20200827T204609Z_AS6713_RT0GqAgpAEoMmluapmZUFtJdOd832j6mErGZutN1XfTxwt2muK,"{'blocking_country': 0.0, 'blocking_general': 0.0, 'blocking_global': 0.0, 'blocking_isp': 0.0, 'blocking_local': 0.0}",web_connectivity
29,False,False,False,http://www.lasenza.com/,temp-fid-006d427f3cd29ba6cf61f81c7e593057,2020-08-27T20:47:43Z,https://api.ooni.io/api/v1/measurement/temp-fid-006d427f3cd29ba6cf61f81c7e593057,AS6713,MA,20200827T204609Z_AS6713_RT0GqAgpAEoMmluapmZUFtJdOd832j6mErGZutN1XfTxwt2muK,"{'blocking_country': 0.0, 'blocking_general': 0.0, 'blocking_global': 0.0, 'blocking_isp': 0.0, 'blocking_local': 0.0}",web_connectivity
30,False,False,False,https://www.wmtransfer.com/,temp-fid-0037bc9895f741faf9d80731e953528a,2020-08-27T20:47:40Z,https://api.ooni.io/api/v1/measurement/temp-fid-0037bc9895f741faf9d80731e953528a,AS6713,MA,20200827T204609Z_AS6713_RT0GqAgpAEoMmluapmZUFtJdOd832j6mErGZutN1XfTxwt2muK,"{'blocking_country': 0.0, 'blocking_general': 0.0, 'blocking_global': 0.0, 'blocking_isp': 0.0, 'blocking_local': 0.0}",web_connectivity
31,False,False,False,http://www.hizb-ut-tahrir.org/,temp-fid-005d1e9f5cebe932949f9d3453c174e6,2020-08-27T20:47:37Z,https://api.ooni.io/api/v1/measurement/temp-fid-005d1e9f5cebe932949f9d3453c174e6,AS6713,MA,20200827T204609Z_AS6713_RT0GqAgpAEoMmluapmZUFtJdOd832j6mErGZutN1XfTxwt2muK,"{'blocking_country': 0.0, 'blocking_general': 0.0, 'blocking_global': 0.0, 'blocking_isp': 0.0, 'blocking_local': 0.0}",web_connectivity
32,False,False,False,http://kidshealth.org/,temp-fid-008fa49548e4d2da8caa4a09f01cf124,2020-08-27T20:47:35Z,https://api.ooni.io/api/v1/measurement/temp-fid-008fa49548e4d2da8caa4a09f01cf124,AS6713,MA,20200827T204609Z_AS6713_RT0GqAgpAEoMmluapmZUFtJdOd832j6mErGZutN1XfTxwt2muK,"{'blocking_country': 0.0, 'blocking_general': 0.0, 'blocking_global': 0.0, 'blocking_isp': 0.0, 'blocking_local': 0.0}",web_connectivity
33,False,False,False,http://www.gotgayporn.com/,temp-fid-00eb4da01c18912f22efb25c45100cd6,2020-08-27T20:47:33Z,https://api.ooni.io/api/v1/measurement/temp-fid-00eb4da01c18912f22efb25c45100cd6,AS6713,MA,20200827T204609Z_AS6713_RT0GqAgpAEoMmluapmZUFtJdOd832j6mErGZutN1XfTxwt2muK,"{'blocking_country': 0.0, 'blocking_general': 0.0, 'blocking_global': 0.0, 'blocking_isp': 0.0, 'blocking_local': 0.0}",web_connectivity
34,False,False,False,https://www.netflix.com/,temp-fid-00b56bb1a67558700aaf596356429d23,2020-08-27T20:47:31Z,https://api.ooni.io/api/v1/measurement/temp-fid-00b56bb1a67558700aaf596356429d23,AS6713,MA,20200827T204609Z_AS6713_RT0GqAgpAEoMmluapmZUFtJdOd832j6mErGZutN1XfTxwt2muK,"{'blocking_country': 0.0, 'blocking_general': 0.0, 'blocking_global': 0.0, 'blocking_isp': 0.0, 'blocking_local': 0.0}",web_connectivity
35,False,False,False,http://www.schwarzreport.org/,temp-fid-00b9c2332d761580010f8cb8e01fa3ce,2020-08-27T20:47:29Z,https://api.ooni.io/api/v1/measurement/temp-fid-00b9c2332d761580010f8cb8e01fa3ce,AS6713,MA,20200827T204609Z_AS6713_RT0GqAgpAEoMmluapmZUFtJdOd832j6mErGZutN1XfTxwt2muK,"{'blocking_country': 0.0, 'blocking_general': 0.0, 'blocking_global': 0.0, 'blocking_isp': 0.0, 'blocking_local': 0.0}",web_connectivity
36,False,False,False,http://www.ask.com/,temp-fid-004602f2eb40a1e329e47d33ae98dd49,2020-08-27T20:47:25Z,https://api.ooni.io/api/v1/measurement/temp-fid-004602f2eb40a1e329e47d33ae98dd49,AS6713,MA,20200827T204609Z_AS6713_RT0GqAgpAEoMmluapmZUFtJdOd832j6mErGZutN1XfTxwt2muK,"{'blocking_country': 0.0, 'blocking_general': 0.0, 'blocking_global': 0.0, 'blocking_isp': 0.0, 'blocking_local': 0.0}",web_connectivity
37,False,False,False,http://www.tamazgha.fr/,temp-fid-0052b6664ebd198059ab5e4a6fc81c2f,2020-08-27T20:47:21Z,https://api.ooni.io/api/v1/measurement/temp-fid-0052b6664ebd198059ab5e4a6fc81c2f,AS6713,MA,20200827T204609Z_AS6713_RT0GqAgpAEoMmluapmZUFtJdOd832j6mErGZutN1XfTxwt2muK,"{'blocking_country': 0.0, 'blocking_general': 0.0, 'blocking_global': 0.0, 'blocking_isp': 0.0, 'blocking_local': 0.0}",web_connectivity
38,False,False,False,http://debate.org.uk/,temp-fid-00df4bf9dc550d8effacfd1414b04715,2020-08-27T20:47:16Z,https://api.ooni.io/api/v1/measurement/temp-fid-00df4bf9dc550d8effacfd1414b04715,AS6713,MA,20200827T204609Z_AS6713_RT0GqAgpAEoMmluapmZUFtJdOd832j6mErGZutN1XfTxwt2muK,"{'blocking_country': 0.0, 'blocking_general': 0.0, 'blocking_global': 0.0, 'blocking_isp': 0.0, 'blocking_local': 0.0}",web_connectivity
39,False,False,False,https://mipa.institute/,temp-fid-007811dc7ff3d376c6d386e7b4ccf2c5,2020-08-27T20:47:16Z,https://api.ooni.io/api/v1/measurement/temp-fid-007811dc7ff3d376c6d386e7b4ccf2c5,AS6713,MA,20200827T204609Z_AS6713_RT0GqAgpAEoMmluapmZUFtJdOd832j6mErGZutN1XfTxwt2muK,"{'blocking_country': 0.0, 'blocking_general': 0.0, 'blocking_global': 0.0, 'blocking_isp': 0.0, 'blocking_local': 0.0}",web_connectivity
40,False,False,False,http://wedo.org/,temp-fid-004d2cc7cc3038d980a65603d4199341,2020-08-27T20:47:12Z,https://api.ooni.io/api/v1/measurement/temp-fid-004d2cc7cc3038d980a65603d4199341,AS6713,MA,20200827T204609Z_AS6713_RT0GqAgpAEoMmluapmZUFtJdOd832j6mErGZutN1XfTxwt2muK,"{'blocking_country': 0.0, 'blocking_general': 0.0, 'blocking_global': 0.0, 'blocking_isp': 0.0, 'blocking_local': 0.0}",web_connectivity
41,False,False,False,https://www.bitfinex.com/,temp-fid-002b5057d0f0427a375a1aed1ebc3658,2020-08-27T20:47:12Z,https://api.ooni.io/api/v1/measurement/temp-fid-002b5057d0f0427a375a1aed1ebc3658,AS6713,MA,20200827T204609Z_AS6713_RT0GqAgpAEoMmluapmZUFtJdOd832j6mErGZutN1XfTxwt2muK,"{'blocking_country': 0.0, 'blocking_general': 0.0, 'blocking_global': 0.0, 'blocking_isp': 0.0, 'blocking_local': 0.0}",web_connectivity
42,False,False,False,https://www.infomigrants.net/,temp-fid-00ebd95256ab800767cb0f4f5e1a956c,2020-08-27T20:47:12Z,https://api.ooni.io/api/v1/measurement/temp-fid-00ebd95256ab800767cb0f4f5e1a956c,AS6713,MA,20200827T204609Z_AS6713_RT0GqAgpAEoMmluapmZUFtJdOd832j6mErGZutN1XfTxwt2muK,"{'blocking_country': 0.0, 'blocking_general': 0.0, 'blocking_global': 0.0, 'blocking_isp': 0.0, 'blocking_local': 0.0}",web_connectivity
43,False,False,False,,temp-fid-00576a312dc47b739697266fb852530a,2020-08-27T20:12:33Z,https://api.ooni.io/api/v1/measurement/temp-fid-00576a312dc47b739697266fb852530a,AS36903,MA,20200827T201235Z_AS36903_jtYOWBDHshiyeo9d7qZkgDqjKPxhddL7w9lrV2Okw9D6nLaIKg,{},ndt
44,False,False,False,,temp-fid-008fdbd7612bf36bc8d75e5c168775c7,2020-08-27T20:11:37Z,https://api.ooni.io/api/v1/measurement/temp-fid-008fdbd7612bf36bc8d75e5c168775c7,AS36903,MA,20200827T201138Z_AS36903_TQdLCKicmbCMadYog8lIcnsUBBIRUHwzDInSMDl3hqZwN1ApgX,{},ndt
45,False,False,False,,temp-fid-0021180644ef8b9bff2d09a6d5abe498,2020-08-27T20:11:21Z,https://api.ooni.io/api/v1/measurement/temp-fid-0021180644ef8b9bff2d09a6d5abe498,AS36903,MA,20200827T201122Z_AS36903_W4MsYGlhUgpJgE5QSW7QMlCzfAcbyVhyKoMLrPsy6Wvjbv6acg,{},ndt
46,False,False,False,,temp-fid-00af1840850292ba781a801d37eb30cb,2020-08-27T19:51:27Z,https://api.ooni.io/api/v1/measurement/temp-fid-00af1840850292ba781a801d37eb30cb,AS36903,MA,20200827T195141Z_AS36903_09D3ePQYMiLuFCEtITrWkvnGpxXaEsAz7deigx938xOrOOE5vj,{},ndt
47,False,False,False,,temp-fid-0006af3db924c12bccd78b70b486bc32,2020-08-27T19:40:27Z,https://api.ooni.io/api/v1/measurement/temp-fid-0006af3db924c12bccd78b70b486bc32,AS36925,MA,20200827T194027Z_AS36925_zXp8L4ISjSOv3IGiiQumSGEpQtWAfBP7DeYW3AfFZvQ8QwoSxB,{},ndt
48,False,False,False,,temp-fid-00ff207a8f9992f6b0097eb42a449956,2020-08-27T19:39:48Z,https://api.ooni.io/api/v1/measurement/temp-fid-00ff207a8f9992f6b0097eb42a449956,AS36903,MA,20200827T193949Z_AS36903_hPiHXnXLONVd1mURT56xDKS9hs9q1TlrqyS5EJrTgg6zrXJ0Ek,{},ndt
49,False,False,False,,temp-fid-000655e764f076b070be65a1a98591fa,2020-08-27T19:34:30Z,https://api.ooni.io/api/v1/measurement/temp-fid-000655e764f076b070be65a1a98591fa,AS6713,MA,20200827T193437Z_AS6713_1oabrrg8CBNaiRQg9kp3E3rvnZpHhVoxKXAssF46bOnOjqVN55,{},ndt
50,False,False,False,,temp-fid-0061329e4715c1350844e304c2b96d5e,2020-08-27T19:34:00Z,https://api.ooni.io/api/v1/measurement/temp-fid-0061329e4715c1350844e304c2b96d5e,AS36925,MA,20200827T193401Z_AS36925_MhjvVMuGPOwDEi7G4rvZAti3Mzho02KLbHIXMhHLtPwPcItrxD,{},ndt
51,False,False,False,,temp-fid-00988912c5bb90f3e7232e0cbc7fd5d3,2020-08-27T19:22:32Z,https://api.ooni.io/api/v1/measurement/temp-fid-00988912c5bb90f3e7232e0cbc7fd5d3,AS0,MA,20200827T192231Z_AS0_U7OZLHuMmUfkm5wqvGtXdGVDCTkyYOzLgFlRyFPqn2XcOTErT7,{},ndt
52,False,False,False,,temp-fid-002627896c16e018a963a85a10787873,2020-08-27T19:21:26Z,https://api.ooni.io/api/v1/measurement/temp-fid-002627896c16e018a963a85a10787873,AS36903,MA,20200827T191935Z_AS36903_2ahuBxAaNlZimRZDNnIqPhakPp5XX3RxepjtENJNwrYWtzaRmg,{},ndt
53,False,False,False,,temp-fid-0025cf52487daf541513526f6972e742,2020-08-27T19:11:47Z,https://api.ooni.io/api/v1/measurement/temp-fid-0025cf52487daf541513526f6972e742,AS36903,MA,20200827T191147Z_AS36903_wKAd1kv90rO3f71faWNaIxp6S9gNFuOG3AW72thzmJdAGWnwD5,{},ndt
54,False,False,False,,temp-fid-00656c22e78d865a1b29fc702e0013bf,2020-08-27T19:11:38Z,https://api.ooni.io/api/v1/measurement/temp-fid-00656c22e78d865a1b29fc702e0013bf,AS36903,MA,20200827T191139Z_AS36903_JXZVioo11cOGA6z8arquw5vyokKHMXrFw2TEiUl1zWg8Mtu5XI,{},ndt
55,False,False,False,,temp-fid-00ed0e92c29856aab9b8b1db1feecbe7,2020-08-27T19:11:13Z,https://api.ooni.io/api/v1/measurement/temp-fid-00ed0e92c29856aab9b8b1db1feecbe7,AS36903,MA,20200827T191114Z_AS36903_gs9nkK311L09sjwNwPqK8LU6MJ9hDZP7MlPMlhS7j8jNRtfWlI,{},ndt
56,False,False,False,,temp-fid-00e575d9418f64790be68a577ff163d4,2020-08-27T18:37:38Z,https://api.ooni.io/api/v1/measurement/temp-fid-00e575d9418f64790be68a577ff163d4,AS36884,MA,20200827T184012Z_AS36884_RX1Fupfb8Jue8UQuRLqsiLMKm4mgJWGnEbpIxZMJD2LjpJytqK,{},ndt
57,False,False,False,,temp-fid-001b0a0b329bdcc030594803c2647f74,2020-08-27T18:21:02Z,https://api.ooni.io/api/v1/measurement/temp-fid-001b0a0b329bdcc030594803c2647f74,AS36884,MA,20200827T182103Z_AS36884_yJ4l2uecoW0hO0poxq4P2sLcDXpP8w1UFU0cNWVuvsh2Oyx1oQ,{},ndt
58,False,False,False,,temp-fid-00b645488d12c1f645497568c6056796,2020-08-27T18:20:02Z,https://api.ooni.io/api/v1/measurement/temp-fid-00b645488d12c1f645497568c6056796,AS6713,MA,20200827T182003Z_AS6713_tgAWo6cPuTPCdATlqR62iH5UedaxwUW1oaS4zYMntbT0KKvXZS,{},ndt
59,False,False,False,,temp-fid-00d0450984c434915eb70740fea43035,2020-08-27T18:07:25Z,https://api.ooni.io/api/v1/measurement/temp-fid-00d0450984c434915eb70740fea43035,AS36903,MA,20200827T180658Z_AS36903_VWIH1E6a0yTeo8CLXhQkyopInXWioLZjhVK7WgAXXCL9SUt4J9,{},ndt
60,False,False,False,,temp-fid-00026d3ab05c53ce123a8ee1d9898f8f,2020-08-27T16:53:49Z,https://api.ooni.io/api/v1/measurement/temp-fid-00026d3ab05c53ce123a8ee1d9898f8f,AS36903,MA,20200827T165346Z_AS36903_RydZraGDP5nzJHj7TdT5glYVx3DwXxn32j63hyIpURm48XU23t,{},ndt
61,False,False,False,,temp-fid-00f83fd640a8c5ac04f06e38737a578c,2020-08-27T16:52:38Z,https://api.ooni.io/api/v1/measurement/temp-fid-00f83fd640a8c5ac04f06e38737a578c,AS36903,MA,20200827T165235Z_AS36903_ECcgwkwtCxWnPehUaHYtOd9WbDpcFMClRSsc8rrd9iIr8NMdOR,{},ndt
62,False,False,False,,temp-fid-00d2c9c4d4e3c22d6923f87cac57d948,2020-08-27T16:30:30Z,https://api.ooni.io/api/v1/measurement/temp-fid-00d2c9c4d4e3c22d6923f87cac57d948,AS36903,MA,20200827T163029Z_AS36903_cWnbkHvgvz4h5UCyw6YD7AhdMIbGD9imR7n4IPGfuYGj88b7xy,{},ndt
63,False,False,False,,temp-fid-00fe4dde4d3519a857143acc1a8be9f9,2020-08-27T16:29:55Z,https://api.ooni.io/api/v1/measurement/temp-fid-00fe4dde4d3519a857143acc1a8be9f9,AS36903,MA,20200827T162954Z_AS36903_LyFVY25Fnhf85qmL1OqwuewljhYCyPvxrPkYfWfilsS6L6Tu0z,{},ndt
64,False,False,False,,temp-fid-00dfcec962edda88e5043215b062c552,2020-08-27T16:11:19Z,https://api.ooni.io/api/v1/measurement/temp-fid-00dfcec962edda88e5043215b062c552,AS36884,MA,20200827T161119Z_AS36884_xKMLqvesOni42wo0HBggSjWq3vE4TuQx4ZVU16h5Eb0AuuWdZO,{},ndt
65,False,False,False,,temp-fid-007d734d841845b69cfacb3d06042018,2020-08-27T16:07:57Z,https://api.ooni.io/api/v1/measurement/temp-fid-007d734d841845b69cfacb3d06042018,AS36884,MA,20200827T160758Z_AS36884_vVwU0TIGJhfnNSEb9Q0us6Hnn4byWZLP6RpDuOX8etgqYC7SMM,{},ndt
66,False,False,False,,temp-fid-001593eea70091650deb80d8d355f17e,2020-08-27T16:07:24Z,https://api.ooni.io/api/v1/measurement/temp-fid-001593eea70091650deb80d8d355f17e,AS36884,MA,20200827T160726Z_AS36884_npsdmi6NGUOTFLqHTm1SXYjpyYYJr6EswA3II9Wrgh23ZELN95,{},ndt
67,False,False,False,,temp-fid-008a6aaf39a9ac19a21c691e410dc4d7,2020-08-27T15:57:59Z,https://api.ooni.io/api/v1/measurement/temp-fid-008a6aaf39a9ac19a21c691e410dc4d7,AS36925,MA,20200827T155800Z_AS36925_6FTo5xDWUlBnLcBFrPzZtheUVeXTpKdaofqpbnjpCw7iWaNr0w,{},ndt
68,False,False,False,,temp-fid-00a6e07a4feb60eaa45ff05476af8627,2020-08-27T15:51:01Z,https://api.ooni.io/api/v1/measurement/temp-fid-00a6e07a4feb60eaa45ff05476af8627,AS36903,MA,20200827T155102Z_AS36903_ipCeW5n6ES9TcBkmpVHgcqVgbx1VEFpNdqcocaEdZ4C1LMVlY4,{},ndt
69,False,False,False,,temp-fid-009c4e0945d0dffd09990c77c4a5e290,2020-08-27T15:49:43Z,https://api.ooni.io/api/v1/measurement/temp-fid-009c4e0945d0dffd09990c77c4a5e290,AS36903,MA,20200827T154943Z_AS36903_mweRWYckzStOQXHrWhu7HPQPRnt2VUkUMRbVndDEEwXKDd5flP,{},ndt
70,False,False,False,,temp-fid-00aa917b82bf27d0e2a140f31a0cadb9,2020-08-27T15:31:03Z,https://api.ooni.io/api/v1/measurement/temp-fid-00aa917b82bf27d0e2a140f31a0cadb9,AS6713,MA,20200827T163138Z_AS6713_Da4qhE1IsxWkfI8loS9JoS1vo5xdyDXWZpYX9Yip18V2dtn1wc,{},ndt
71,False,False,False,,temp-fid-0050da257cb928c06c30817d4d7af53c,2020-08-27T15:05:25Z,https://api.ooni.io/api/v1/measurement/temp-fid-0050da257cb928c06c30817d4d7af53c,AS36925,MA,20200827T150527Z_AS36925_XbnGnsxiupvBs59XPP3ss1oyxI1VdFIsz9OAY5v74wCarnMfq7,{},ndt
72,False,False,False,,temp-fid-00a0ffec72292d992ab2b7f90af8172a,2020-08-27T15:04:07Z,https://api.ooni.io/api/v1/measurement/temp-fid-00a0ffec72292d992ab2b7f90af8172a,AS36925,MA,20200827T150408Z_AS36925_G5VDx9HzSV9gndO0OlAXANuwiAi0fNzrW5SdbkfFfwPzj8uqEM,{},ndt
73,False,False,False,https://acwua.org/,temp-fid-006643fea3d716a9a296c9db5f68f5b0,2020-08-27T14:49:45Z,https://api.ooni.io/api/v1/measurement/temp-fid-006643fea3d716a9a296c9db5f68f5b0,AS36903,MA,20200827T154934Z_AS36903_abJFlHsk8MjwFcf5hj0mHaGB8kE7W0iDQGNeoN0sVct9EXemLc,"{'blocking_country': 0.0, 'blocking_general': 0.0, 'blocking_global': 0.0, 'blocking_isp': 0.0, 'blocking_local': 0.0}",web_connectivity
74,False,False,False,http://justicewomen.com/,temp-fid-00804fbe3253d07c98065da9e25d9657,2020-08-27T14:49:43Z,https://api.ooni.io/api/v1/measurement/temp-fid-00804fbe3253d07c98065da9e25d9657,AS36903,MA,20200827T154934Z_AS36903_abJFlHsk8MjwFcf5hj0mHaGB8kE7W0iDQGNeoN0sVct9EXemLc,"{'blocking_country': 0.0, 'blocking_general': 0.0, 'blocking_global': 0.0, 'blocking_isp': 0.0, 'blocking_local': 0.0}",web_connectivity
75,False,False,False,https://ar4up.com/,temp-fid-001280fcb2d65c7df02a7b69dff69911,2020-08-27T14:49:38Z,https://api.ooni.io/api/v1/measurement/temp-fid-001280fcb2d65c7df02a7b69dff69911,AS36903,MA,20200827T154934Z_AS36903_abJFlHsk8MjwFcf5hj0mHaGB8kE7W0iDQGNeoN0sVct9EXemLc,"{'blocking_country': 0.0, 'blocking_general': 0.0, 'blocking_global': 0.0, 'blocking_isp': 0.0, 'blocking_local': 0.0}",web_connectivity
76,False,False,False,https://www.liveleak.com/,temp-fid-000874124bbf9fcb0f54759004fa09eb,2020-08-27T14:49:12Z,https://api.ooni.io/api/v1/measurement/temp-fid-000874124bbf9fcb0f54759004fa09eb,AS36903,MA,20200827T154934Z_AS36903_abJFlHsk8MjwFcf5hj0mHaGB8kE7W0iDQGNeoN0sVct9EXemLc,"{'blocking_country': 0.0, 'blocking_general': 0.0, 'blocking_global': 0.0, 'blocking_isp': 0.0, 'blocking_local': 0.0}",web_connectivity
77,False,False,False,https://slashdot.org/,temp-fid-00452dc21621568728651d49b109918f,2020-08-27T14:49:07Z,https://api.ooni.io/api/v1/measurement/temp-fid-00452dc21621568728651d49b109918f,AS36903,MA,20200827T154934Z_AS36903_abJFlHsk8MjwFcf5hj0mHaGB8kE7W0iDQGNeoN0sVct9EXemLc,"{'blocking_country': 0.0, 'blocking_general': 0.0, 'blocking_global': 0.0, 'blocking_isp': 0.0, 'blocking_local': 0.0}",web_connectivity
78,False,False,False,http://www.date.com/,temp-fid-0066f89dc10c84911b4ffc9ed237acda,2020-08-27T14:49:00Z,https://api.ooni.io/api/v1/measurement/temp-fid-0066f89dc10c84911b4ffc9ed237acda,AS36903,MA,20200827T154934Z_AS36903_abJFlHsk8MjwFcf5hj0mHaGB8kE7W0iDQGNeoN0sVct9EXemLc,"{'blocking_country': 0.0, 'blocking_general': 0.0, 'blocking_global': 0.0, 'blocking_isp': 0.0, 'blocking_local': 0.0}",web_connectivity
79,False,False,False,https://www.pam.ma/,temp-fid-007d6af92c43ce6c81691ac321786871,2020-08-27T14:48:52Z,https://api.ooni.io/api/v1/measurement/temp-fid-007d6af92c43ce6c81691ac321786871,AS36903,MA,20200827T154934Z_AS36903_abJFlHsk8MjwFcf5hj0mHaGB8kE7W0iDQGNeoN0sVct9EXemLc,"{'blocking_country': 0.0, 'blocking_general': 0.0, 'blocking_global': 0.0, 'blocking_isp': 0.0, 'blocking_local': 0.0}",web_connectivity
80,True,False,False,http://www.benedelman.org/,temp-fid-00495b4c8e5e3e5783f983570ea8473a,2020-08-27T14:48:50Z,https://api.ooni.io/api/v1/measurement/temp-fid-00495b4c8e5e3e5783f983570ea8473a,AS36903,MA,20200827T154934Z_AS36903_abJFlHsk8MjwFcf5hj0mHaGB8kE7W0iDQGNeoN0sVct9EXemLc,"{'analysis': {'blocking_type': 'http-diff'}, 'blocking_country': 0.0, 'blocking_general': 1.0, 'blocking_global': 0.0, 'blocking_isp': 0.0, 'blocking_local': 0.0}",web_connectivity
81,False,False,False,https://www.nytimes.com/interactive/2020/world/coronavirus-maps.html,temp-fid-001293095507861d22cd210aab1c4abf,2020-08-27T14:48:40Z,https://api.ooni.io/api/v1/measurement/temp-fid-001293095507861d22cd210aab1c4abf,AS36903,MA,20200827T154934Z_AS36903_abJFlHsk8MjwFcf5hj0mHaGB8kE7W0iDQGNeoN0sVct9EXemLc,"{'blocking_country': 0.0, 'blocking_general': 0.0, 'blocking_global': 0.0, 'blocking_isp': 0.0, 'blocking_local': 0.0}",web_connectivity
82,True,False,False,http://www.newnownext.com/franchise/the-backlot/,temp-fid-003e79b85e4bc8c9c6ff4fc00788d23c,2020-08-27T14:48:35Z,https://api.ooni.io/api/v1/measurement/temp-fid-003e79b85e4bc8c9c6ff4fc00788d23c,AS36903,MA,20200827T154934Z_AS36903_abJFlHsk8MjwFcf5hj0mHaGB8kE7W0iDQGNeoN0sVct9EXemLc,"{'analysis': {'blocking_type': 'dns'}, 'blocking_country': 0.0, 'blocking_general': 1.0, 'blocking_global': 0.0, 'blocking_isp': 0.0, 'blocking_local': 0.0}",web_connectivity
83,True,False,False,,temp-fid-00e4bfd0c660fdcf815b104e8a5341d5,2020-08-27T14:46:35Z,https://api.ooni.io/api/v1/measurement/temp-fid-00e4bfd0c660fdcf815b104e8a5341d5,AS36903,MA,20200827T154734Z_AS36903_Qn4B9kQOs5iFlL4a13cEOZ7QWMB4gZsaSunazETBth723Xphk1,"{'blocking_country': 0.0, 'blocking_general': 1.0, 'blocking_global': 0.0, 'blocking_isp': 0.0, 'blocking_local': 0.0}",tor
84,False,False,False,,temp-fid-0011ae96db7b96bddd2c9c97110b609c,2020-08-27T14:46:13Z,https://api.ooni.io/api/v1/measurement/temp-fid-0011ae96db7b96bddd2c9c97110b609c,AS36903,MA,20200827T154712Z_AS36903_saOoeb8b1tIy9O32xqgp00lOQnygXSh5pzVAuspTXd1GdL5iyP,"{'accuracy': 1.0, 'blocking_country': 0.0, 'blocking_general': 0.0, 'blocking_global': 0.0, 'blocking_isp': 0.0, 'blocking_local': 0.0}",psiphon
85,False,False,False,,temp-fid-007496285a90c1d331c5267ec6c5d7e4,2020-08-27T14:28:15Z,https://api.ooni.io/api/v1/measurement/temp-fid-007496285a90c1d331c5267ec6c5d7e4,AS0,MA,20200827T142815Z_AS0_bVYlUUoYZnBNI2vRFNW1IK9QZj1zP3yDebbBSvs1e22364eCRh,{},ndt
86,False,False,False,,temp-fid-0052d40d6c438d145af844613f126929,2020-08-27T14:17:54Z,https://api.ooni.io/api/v1/measurement/temp-fid-0052d40d6c438d145af844613f126929,AS36903,MA,20200827T141754Z_AS36903_RiZm6U5KU0gT0GnrrDmdPUurYNWs8V9Hn2cIXnvfFwqbe4dW9X,{},ndt
87,False,False,False,,temp-fid-00e7b1c270648726d04f216a67bf4a7b,2020-08-27T13:56:15Z,https://api.ooni.io/api/v1/measurement/temp-fid-00e7b1c270648726d04f216a67bf4a7b,AS36903,MA,20200827T135616Z_AS36903_LZbpKQVUaaPQDE1Z1VLAwLSWnwxgE2CDQPFs8E7YERS7mlMLpa,{},ndt
88,False,False,False,,temp-fid-00bb2ba7f6a7f1fe79850e8b6493b254,2020-08-27T13:28:37Z,https://api.ooni.io/api/v1/measurement/temp-fid-00bb2ba7f6a7f1fe79850e8b6493b254,AS36903,MA,20200827T132838Z_AS36903_MX9CYgbzzL8RSQKIkBNFIPujMmDjZmS7GPwS07Tj8t7BLUKVzJ,{},ndt
89,False,False,False,,temp-fid-00c53e12f84b56da9c2b17e61fe3f19c,2020-08-27T12:49:56Z,https://api.ooni.io/api/v1/measurement/temp-fid-00c53e12f84b56da9c2b17e61fe3f19c,AS36925,MA,20200827T124956Z_AS36925_sX1OdwyCDiz5N27jLpSJFmVPSvkpMhfOedR4iwh7xfUVzZrl1W,{},ndt
90,False,False,False,,temp-fid-00e1a2109bc14c88d5ecd1efbcdc2886,2020-08-27T12:49:34Z,https://api.ooni.io/api/v1/measurement/temp-fid-00e1a2109bc14c88d5ecd1efbcdc2886,AS36925,MA,20200827T124933Z_AS36925_MTVXHYhH1fPUXktyVgxBE1QIEUxmPGkDGXhRBmjFGpBMR3cMI5,{},ndt
91,False,False,False,,temp-fid-00a3a8a726f78151ee6c5cb5ff9062ec,2020-08-27T12:33:54Z,https://api.ooni.io/api/v1/measurement/temp-fid-00a3a8a726f78151ee6c5cb5ff9062ec,AS36903,MA,20200827T123351Z_AS36903_jqCpv42vruXa7X6zp0DbYM7yeRB6eONRvkhlVqdTi0O5Vf3A2K,{},ndt
92,False,False,False,,temp-fid-00abd307d7721944c3e241cb2859ddba,2020-08-27T12:24:43Z,https://api.ooni.io/api/v1/measurement/temp-fid-00abd307d7721944c3e241cb2859ddba,AS36884,MA,20200827T122444Z_AS36884_AvxWz1iGNF9fQgjR6PSsC55Oy40zG3NywYAZumaxsFc9r2gRki,{},ndt
93,False,False,False,,temp-fid-00ccfbf4037ef740260e313393b102e2,2020-08-27T12:17:55Z,https://api.ooni.io/api/v1/measurement/temp-fid-00ccfbf4037ef740260e313393b102e2,AS36925,MA,20200827T121756Z_AS36925_5lcOiZXM38ScrZtctWXr7wtLvhkDSUxolnPWFrhKQjFPdPk71S,{},ndt
94,False,False,False,,temp-fid-0066daf2399d18f23e31f1e0dddfdd10,2020-08-27T12:16:19Z,https://api.ooni.io/api/v1/measurement/temp-fid-0066daf2399d18f23e31f1e0dddfdd10,AS36925,MA,20200827T121619Z_AS36925_ygbjtUnS99dLNwjduxv0vAq32rkcbF5Asm1WJ2LWMf22ZNBA52,{},ndt
95,False,False,False,,temp-fid-00bebb76757d740e2acc4305efc8afeb,2020-08-27T12:16:09Z,https://api.ooni.io/api/v1/measurement/temp-fid-00bebb76757d740e2acc4305efc8afeb,AS36925,MA,20200827T121609Z_AS36925_5hJlsauY6CdSX6Ybd4EqWLUXm1K428DtDaifcwaGvGGbVI5IRI,{},ndt
96,False,False,False,,temp-fid-00853ab6c1ac27575bf2c7c88dc6db9e,2020-08-27T11:56:56Z,https://api.ooni.io/api/v1/measurement/temp-fid-00853ab6c1ac27575bf2c7c88dc6db9e,AS36884,MA,20200827T115700Z_AS36884_JqcqEWaeWspXik0E9UrfrgKjdBl0h59S1JdmDgek81bjZXS0VX,{},ndt
97,False,False,False,,temp-fid-002a2928d4cc5e6da84793cb843e9830,2020-08-27T11:53:27Z,https://api.ooni.io/api/v1/measurement/temp-fid-002a2928d4cc5e6da84793cb843e9830,AS36884,MA,20200827T115331Z_AS36884_aZkUn6Kc6SsAkIFuvz7Xmz5ljmsEWVx6OkHSy5P730bl5Aq3Uu,{},ndt
98,False,False,False,,temp-fid-00dfe786ed9fe4b221a8cfa294af6576,2020-08-27T11:52:22Z,https://api.ooni.io/api/v1/measurement/temp-fid-00dfe786ed9fe4b221a8cfa294af6576,AS36884,MA,20200827T115226Z_AS36884_E0Tep8pCCNHmBl5U0akYalaAb9nXBgLHYEaVmzxnmoaQYO2JAP,{},ndt
99,False,False,False,,temp-id-436313041,2020-08-27T11:51:41Z,https://api.ooni.io/api/v1/measurement/temp-id-436313041,AS36903,MA,20200826T125144Z_AS36903_7GGJSVlkuMOSOTkvXxUwlFiU2fQbjV6ULQgEigvqBjkwQ18FTx,{},ndt
100,False,False,False,,temp-fid-00fc2bb1629c7e3930a89ff356b6f84b,2020-08-27T11:51:02Z,https://api.ooni.io/api/v1/measurement/temp-fid-00fc2bb1629c7e3930a89ff356b6f84b,AS36884,MA,20200827T115106Z_AS36884_Zg3zK198z7HOtnlf0TduLr7Wo8w3pqB2kQfE0oLfnBJz6p1slD,{},ndt
101,False,False,False,,temp-fid-00a3246cb3fec66e84cbcf27150db696,2020-08-27T11:48:44Z,https://api.ooni.io/api/v1/measurement/temp-fid-00a3246cb3fec66e84cbcf27150db696,AS36903,MA,20200827T125040Z_AS36903_xZb1NbsuIPMcMx3SJTk9AQ4iCGL8jz4Ym85szV0cuzs0O6cYRT,{},ndt
102,False,False,False,,temp-fid-00751050ca0ea8eb596c61c75402577b,2020-08-27T11:48:03Z,https://api.ooni.io/api/v1/measurement/temp-fid-00751050ca0ea8eb596c61c75402577b,AS36903,MA,20200827T125000Z_AS36903_FpTnattDSsbfQ5lHIEb6ZKhCdWbsgVz9tpuWEgfuZFZYIPRB14,{},ndt
103,False,False,False,,temp-fid-0031db9959018fa14583178645932af5,2020-08-27T11:44:37Z,https://api.ooni.io/api/v1/measurement/temp-fid-0031db9959018fa14583178645932af5,AS36903,MA,20200827T114438Z_AS36903_dET8ILBeOHizUXhG2S1UGU6FY6XxQAxTjYhlzEtpg7FmjwDma0,{},ndt
104,False,False,False,,temp-fid-0039f711e40e21f435d00f79fcb62c3b,2020-08-27T11:44:00Z,https://api.ooni.io/api/v1/measurement/temp-fid-0039f711e40e21f435d00f79fcb62c3b,AS36903,MA,20200827T114653Z_AS36903_cDJwYYDvdAYNFo1zfmCTkubFYqHHrjDFMHYWnQfEpY0y7QKxmB,{},ndt
105,False,False,False,,temp-fid-00070ce5bb106dfadd5d3c1f92a49701,2020-08-27T11:39:56Z,https://api.ooni.io/api/v1/measurement/temp-fid-00070ce5bb106dfadd5d3c1f92a49701,AS36903,MA,20200827T113954Z_AS36903_WIs2fG9R8fPi8uIHGmDk2lkejFF8WpbmkljRrwWfuDtlril1X9,{},ndt
106,False,False,False,,temp-fid-00901a03aceede7c9758a9607efb289d,2020-08-27T11:23:50Z,https://api.ooni.io/api/v1/measurement/temp-fid-00901a03aceede7c9758a9607efb289d,AS36925,MA,20200827T112350Z_AS36925_OohFCc4AnMlJMJWuyzltff14qEDrGKeILLthZRRaAq86weND3K,{},ndt
107,False,False,False,,temp-fid-00911ae6e68e2213667004513dad6cd2,2020-08-27T11:15:43Z,https://api.ooni.io/api/v1/measurement/temp-fid-00911ae6e68e2213667004513dad6cd2,AS36903,MA,20200827T122440Z_AS36903_AYVdhkPVVqOswFqe4eB2cx3M84cB6JWD0MuvFemwUMO6S9m9xA,{},ndt
108,False,False,False,,temp-fid-00a0336450f519e0e13889c26797798b,2020-08-27T11:12:35Z,https://api.ooni.io/api/v1/measurement/temp-fid-00a0336450f519e0e13889c26797798b,AS36884,MA,20200827T111410Z_AS36884_U1dRKG0xSLTc7Lofn2f4eNnjf09MQzsuC39z7sf0Ldo51HhCqV,{},ndt
109,False,False,False,,temp-fid-009ec3c3b5fb47343dede0849e022086,2020-08-27T11:10:23Z,https://api.ooni.io/api/v1/measurement/temp-fid-009ec3c3b5fb47343dede0849e022086,AS36903,MA,20200827T111024Z_AS36903_2YZQKsUBhSg8X2Iy2ywHcyoaPt5IbLUp5X8JaJP9cOUs6IwKFS,{},ndt
110,False,False,False,,temp-fid-009ac9e1b9a2bbf915686d678e8cd708,2020-08-27T11:09:21Z,https://api.ooni.io/api/v1/measurement/temp-fid-009ac9e1b9a2bbf915686d678e8cd708,AS36903,MA,20200827T110921Z_AS36903_NqLCL9LEurarBMexRY9mdAbcRA42eT5XQdj3owsFUR8bzRa4K4,{},ndt
111,False,False,False,,temp-fid-002650865e884019a978ca7bd40b1af3,2020-08-27T10:59:51Z,https://api.ooni.io/api/v1/measurement/temp-fid-002650865e884019a978ca7bd40b1af3,AS36903,MA,20200827T105952Z_AS36903_5fZj8kBfwjS1gOUXzGhoPyhKXUQSnwWLyQA93bw1cdrMu5TFwl,{},ndt
112,False,False,False,,temp-fid-00fc3b6f46b124289a5a102855908ad5,2020-08-27T10:59:37Z,https://api.ooni.io/api/v1/measurement/temp-fid-00fc3b6f46b124289a5a102855908ad5,AS36903,MA,20200827T105937Z_AS36903_bcjOvy7o0f8Oto0Ia53nrBWmvyYygVeb5Xc2haKyC9ZJqpdkUr,{},ndt
113,False,False,False,,temp-fid-005f90e086492684aa709f21a263e18f,2020-08-27T10:41:52Z,https://api.ooni.io/api/v1/measurement/temp-fid-005f90e086492684aa709f21a263e18f,AS36903,MA,20200827T114155Z_AS36903_QvcdZtQgJRaXBcRof3xk0e5a0n0riNuUMKX0HuJP8HPgizC6hX,{},ndt
114,False,False,False,,temp-fid-0073c3eaccd8cf194aa52227d1a031c1,2020-08-27T10:41:30Z,https://api.ooni.io/api/v1/measurement/temp-fid-0073c3eaccd8cf194aa52227d1a031c1,AS36903,MA,20200827T114134Z_AS36903_05PtgKF86s8FcITRYURg1dIM2JJHfzZMCWSpKxbRsHqNuyBfvu,{},ndt
115,False,False,False,,temp-fid-004a6af2a1ced20f52fadb0fcc2a7bf2,2020-08-27T10:28:39Z,https://api.ooni.io/api/v1/measurement/temp-fid-004a6af2a1ced20f52fadb0fcc2a7bf2,AS36884,MA,20200827T102841Z_AS36884_60DExEm1lhW5wCQY9G0uvmsR50CqaVdP5gGyy2X5UdAy60Iggi,{},ndt
116,False,False,False,,temp-fid-007e5ae92c04ae8e84907ef9cce13a22,2020-08-27T10:26:03Z,https://api.ooni.io/api/v1/measurement/temp-fid-007e5ae92c04ae8e84907ef9cce13a22,AS36884,MA,20200827T112616Z_AS36884_OQXZaDxETsYSpOVUbTUhkh8hQn5ZuGlFI7iK9E6OZSYHtRKunW,{},ndt
117,False,False,False,,temp-fid-00319826afd919c771420c528d8c382d,2020-08-27T10:19:22Z,https://api.ooni.io/api/v1/measurement/temp-fid-00319826afd919c771420c528d8c382d,AS36884,MA,20200827T101926Z_AS36884_Qp7Ibs3eGNAU8DhTOuvy7o5MV04fzwYhMZBFAZwp0JFINTddfV,{},ndt
118,False,False,False,,temp-fid-003a92f3ff7e80540a3032c85e12c262,2020-08-27T10:17:23Z,https://api.ooni.io/api/v1/measurement/temp-fid-003a92f3ff7e80540a3032c85e12c262,AS36903,MA,20200827T100908Z_AS36903_apdyKqEGHszyp5KdpCqNSBsOjZamXePlJFOLu5RX0FQNPg4Q1Q,{},ndt
119,False,False,False,,temp-fid-008120a62db9726cd940343f53f75e92,2020-08-27T09:56:32Z,https://api.ooni.io/api/v1/measurement/temp-fid-008120a62db9726cd940343f53f75e92,AS36884,MA,20200827T095636Z_AS36884_qrxhCBnewcrBaPM7wkcmJC19a4TRWbx9F1YCHSoe6GbqmW7oul,{},ndt
120,False,False,False,,temp-fid-0052f51b0db28949a20efcb335259ee4,2020-08-27T09:25:45Z,https://api.ooni.io/api/v1/measurement/temp-fid-0052f51b0db28949a20efcb335259ee4,AS6713,MA,20200827T092545Z_AS6713_Fnc0TIfiPO2VDgi292e33fBcz9VbRjC93C6Cx8uzYDWqzZ4xcl,"{'blocking_country': 0.0, 'blocking_general': 0.0, 'blocking_global': 0.0, 'blocking_isp': 0.0, 'blocking_local': 0.0}",http_invalid_request_line
121,False,False,False,,temp-fid-0078e1cca3e1d6ec5d9ceb3c77bf3ab7,2020-08-27T09:25:41Z,https://api.ooni.io/api/v1/measurement/temp-fid-0078e1cca3e1d6ec5d9ceb3c77bf3ab7,AS6713,MA,20200827T092541Z_AS6713_Bcgv9Gl9nT22oG8jOQhNa1U66x84cqqqs8lIQdrU2AHDQXGdnJ,"{'blocking_country': 0.0, 'blocking_general': 0.0, 'blocking_global': 0.0, 'blocking_isp': 0.0, 'blocking_local': 0.0}",http_header_field_manipulation
122,False,False,False,,temp-fid-004dfa28e51c73d74e618f5c823068eb,2020-08-27T09:25:22Z,https://api.ooni.io/api/v1/measurement/temp-fid-004dfa28e51c73d74e618f5c823068eb,AS6713,MA,20200827T092522Z_AS6713_dHsyA6a23Z58XzqHnQo2ehDtOq9imsB47D5nggyBOSFvJud7GZ,"{'blocking_country': 0.0, 'blocking_general': 0.0, 'blocking_global': 0.0, 'blocking_isp': 0.0, 'blocking_local': 0.0}",dash
123,False,False,False,,temp-fid-0024ca0f545eb32b8acd14ebb03fae0b,2020-08-27T09:24:56Z,https://api.ooni.io/api/v1/measurement/temp-fid-0024ca0f545eb32b8acd14ebb03fae0b,AS6713,MA,20200827T092456Z_AS6713_ZdptM52BNxiCeZsov0IB1F3CesYFStQMEidhG4BKiwuIvN81P9,{},ndt
124,False,False,False,,temp-fid-00fd27f48c2c102091c52fdbf0f256a1,2020-08-27T09:19:38Z,https://api.ooni.io/api/v1/measurement/temp-fid-00fd27f48c2c102091c52fdbf0f256a1,AS36903,MA,20200827T091938Z_AS36903_KlfkFuj4lus38bb7xCgBQeT0iE4DN87xUtDOcHZvVNUzG9459d,{},ndt
125,False,False,False,,temp-fid-00b907ad2c59d6bd18427b1dc13f8a0e,2020-08-27T09:05:02Z,https://api.ooni.io/api/v1/measurement/temp-fid-00b907ad2c59d6bd18427b1dc13f8a0e,AS36903,MA,20200827T090503Z_AS36903_dlulZzyi6MpKvkRNUj67zgOckrzYbDXMYTXdMS6rXqBF5O7pZX,{},ndt
126,False,False,False,,temp-fid-00b3e3789253b728526b565068ac3d51,2020-08-27T08:33:06Z,https://api.ooni.io/api/v1/measurement/temp-fid-00b3e3789253b728526b565068ac3d51,AS36903,MA,20200827T083237Z_AS36903_RZIjt8BfzO406SBOfkyoOFUSkPS1gT46d55v7ICcnIJUKlXShl,{},ndt
127,False,False,False,,temp-fid-00b5452811e30d4a477956d59482ea74,2020-08-27T08:32:09Z,https://api.ooni.io/api/v1/measurement/temp-fid-00b5452811e30d4a477956d59482ea74,AS36903,MA,20200827T083208Z_AS36903_21CRkIIyJo7dAXww54g1hYk6oGk8TbLc05bE8XcIlbuLwXzaFH,{},ndt
128,False,False,False,,temp-fid-006f871f655d2d39f155f401ba546564,2020-08-27T08:30:34Z,https://api.ooni.io/api/v1/measurement/temp-fid-006f871f655d2d39f155f401ba546564,AS36903,MA,20200827T083033Z_AS36903_YGEIESXVpD3ozKbCOGtQRYLAGNfDxZ0SqxtqbFswswApSCnd1P,{},ndt
129,False,False,False,,temp-fid-004b1ea166ad22cca59c560119300e53,2020-08-27T04:28:35Z,https://api.ooni.io/api/v1/measurement/temp-fid-004b1ea166ad22cca59c560119300e53,AS36903,MA,20200827T042647Z_AS36903_gc5cpOFfrTMkUD4347YW2gjbQnyKK2jiEudsv4CRHRkfgH9tld,{},ndt
130,False,False,False,,temp-fid-00013317c6f251728a55109937002fc3,2020-08-27T04:10:11Z,https://api.ooni.io/api/v1/measurement/temp-fid-00013317c6f251728a55109937002fc3,AS6713,MA,20200827T051211Z_AS6713_iOWlrQVCgCnF65Sk9XSLgMNViGQSNBetuKz68tkO7Z2lJuW9V0,{},ndt
131,True,False,False,,temp-fid-00520cc3901313a333d050b2814c2eea,2020-08-27T01:59:51Z,https://api.ooni.io/api/v1/measurement/temp-fid-00520cc3901313a333d050b2814c2eea,AS36925,MA,20200827T015952Z_AS36925_sbUBvdJKOBXytzlcGMrh0UYR4RtgYH2g2MM6VkXKufEt5f8ADW,"{'blocking_country': 0.0, 'blocking_general': 1.0, 'blocking_global': 0.0, 'blocking_isp': 0.0, 'blocking_local': 0.0}",tor
132,False,False,False,,temp-fid-00a344150164afcf55777c44bcb3d2bf,2020-08-27T01:59:39Z,https://api.ooni.io/api/v1/measurement/temp-fid-00a344150164afcf55777c44bcb3d2bf,AS36925,MA,20200827T015940Z_AS36925_ujSbGqSEhyeb8n7ADCWU2goXS4HYOiRxTgYr4c65WYAw97c1IK,"{'accuracy': 1.0, 'blocking_country': 0.0, 'blocking_general': 0.0, 'blocking_global': 0.0, 'blocking_isp': 0.0, 'blocking_local': 0.0}",psiphon
133,False,False,False,https://iwhc.org/,temp-fid-00e9746d58673b763ea4a0af11cea54c,2020-08-27T01:55:39Z,https://api.ooni.io/api/v1/measurement/temp-fid-00e9746d58673b763ea4a0af11cea54c,AS36925,MA,20200827T015423Z_AS36925_v8hAd87K80QJgE5sbPzW1fjXDNV7mvvWZanYMCuHVC5kG8d9cG,"{'blocking_country': 0.0, 'blocking_general': 0.0, 'blocking_global': 0.0, 'blocking_isp': 0.0, 'blocking_local': 0.0}",web_connectivity
134,False,False,False,https://www.rackspace.com/,temp-fid-00661ac7f5e62ae0ab6a4ae7af620141,2020-08-27T01:55:38Z,https://api.ooni.io/api/v1/measurement/temp-fid-00661ac7f5e62ae0ab6a4ae7af620141,AS36925,MA,20200827T015423Z_AS36925_v8hAd87K80QJgE5sbPzW1fjXDNV7mvvWZanYMCuHVC5kG8d9cG,"{'blocking_country': 0.0, 'blocking_general': 0.0, 'blocking_global': 0.0, 'blocking_isp': 0.0, 'blocking_local': 0.0}",web_connectivity
135,False,False,False,http://www.arabhra.org/,temp-fid-00bf80bb1c9be42757847b5a81d014d4,2020-08-27T01:55:38Z,https://api.ooni.io/api/v1/measurement/temp-fid-00bf80bb1c9be42757847b5a81d014d4,AS36925,MA,20200827T015423Z_AS36925_v8hAd87K80QJgE5sbPzW1fjXDNV7mvvWZanYMCuHVC5kG8d9cG,"{'blocking_country': 0.0, 'blocking_general': 0.0, 'blocking_global': 0.0, 'blocking_isp': 0.0, 'blocking_local': 0.0}",web_connectivity
136,False,False,False,https://www.dailysabah.com/,temp-fid-004603c28bbbc0b7848e9db1eb4685e6,2020-08-27T01:55:34Z,https://api.ooni.io/api/v1/measurement/temp-fid-004603c28bbbc0b7848e9db1eb4685e6,AS36925,MA,20200827T015423Z_AS36925_v8hAd87K80QJgE5sbPzW1fjXDNV7mvvWZanYMCuHVC5kG8d9cG,"{'blocking_country': 0.0, 'blocking_general': 0.0, 'blocking_global': 0.0, 'blocking_isp': 0.0, 'blocking_local': 0.0}",web_connectivity
137,False,False,False,http://earth-liberation-front.org/,temp-fid-00967d5cf96f638dd6992cbcd8640808,2020-08-27T01:55:34Z,https://api.ooni.io/api/v1/measurement/temp-fid-00967d5cf96f638dd6992cbcd8640808,AS36925,MA,20200827T015423Z_AS36925_v8hAd87K80QJgE5sbPzW1fjXDNV7mvvWZanYMCuHVC5kG8d9cG,"{'blocking_country': 0.0, 'blocking_general': 0.0, 'blocking_global': 0.0, 'blocking_isp': 0.0, 'blocking_local': 0.0}",web_connectivity
138,False,False,False,http://ugtm.ma/,temp-fid-00b61e5cd527662f330c1b3b15e706e3,2020-08-27T01:55:29Z,https://api.ooni.io/api/v1/measurement/temp-fid-00b61e5cd527662f330c1b3b15e706e3,AS36925,MA,20200827T015423Z_AS36925_v8hAd87K80QJgE5sbPzW1fjXDNV7mvvWZanYMCuHVC5kG8d9cG,"{'blocking_country': 0.0, 'blocking_general': 0.0, 'blocking_global': 0.0, 'blocking_isp': 0.0, 'blocking_local': 0.0}",web_connectivity
139,False,False,False,https://addons.mozilla.org/en-US/firefox/addon/4286,temp-fid-008811d177ff41d1f6cb8d4fe01ad498,2020-08-27T01:55:29Z,https://api.ooni.io/api/v1/measurement/temp-fid-008811d177ff41d1f6cb8d4fe01ad498,AS36925,MA,20200827T015423Z_AS36925_v8hAd87K80QJgE5sbPzW1fjXDNV7mvvWZanYMCuHVC5kG8d9cG,"{'blocking_country': 0.0, 'blocking_general': 0.0, 'blocking_global': 0.0, 'blocking_isp': 0.0, 'blocking_local': 0.0}",web_connectivity
140,False,False,False,https://www.youtube.com/channel/UC9jQeeKV_NOxR7Rqi6aB-zA/videos/,temp-fid-008713b1b73417a5a87e95201a7fa4e7,2020-08-27T01:55:24Z,https://api.ooni.io/api/v1/measurement/temp-fid-008713b1b73417a5a87e95201a7fa4e7,AS36925,MA,20200827T015423Z_AS36925_v8hAd87K80QJgE5sbPzW1fjXDNV7mvvWZanYMCuHVC5kG8d9cG,"{'blocking_country': 0.0, 'blocking_general': 0.0, 'blocking_global': 0.0, 'blocking_isp': 0.0, 'blocking_local': 0.0}",web_connectivity
141,False,False,False,https://www.kff.org/global-health-policy/fact-sheet/coronavirus-tracker/,temp-fid-005e7c3cb44564dae415494f7d3ba486,2020-08-27T01:55:21Z,https://api.ooni.io/api/v1/measurement/temp-fid-005e7c3cb44564dae415494f7d3ba486,AS36925,MA,20200827T015423Z_AS36925_v8hAd87K80QJgE5sbPzW1fjXDNV7mvvWZanYMCuHVC5kG8d9cG,"{'blocking_country': 0.0, 'blocking_general': 0.0, 'blocking_global': 0.0, 'blocking_isp': 0.0, 'blocking_local': 0.0}",web_connectivity
142,False,False,False,https://www.omct.org/,temp-fid-0073140209a127f6ac2d02bcdbadca45,2020-08-27T01:55:18Z,https://api.ooni.io/api/v1/measurement/temp-fid-0073140209a127f6ac2d02bcdbadca45,AS36925,MA,20200827T015423Z_AS36925_v8hAd87K80QJgE5sbPzW1fjXDNV7mvvWZanYMCuHVC5kG8d9cG,"{'blocking_country': 0.0, 'blocking_general': 0.0, 'blocking_global': 0.0, 'blocking_isp': 0.0, 'blocking_local': 0.0}",web_connectivity
143,False,False,False,https://www.sendthisfile.com/,temp-fid-00706fb3c37eb6b6749bf9a69f528bca,2020-08-27T01:55:18Z,https://api.ooni.io/api/v1/measurement/temp-fid-00706fb3c37eb6b6749bf9a69f528bca,AS36925,MA,20200827T015423Z_AS36925_v8hAd87K80QJgE5sbPzW1fjXDNV7mvvWZanYMCuHVC5kG8d9cG,"{'blocking_country': 0.0, 'blocking_general': 0.0, 'blocking_global': 0.0, 'blocking_isp': 0.0, 'blocking_local': 0.0}",web_connectivity
144,False,False,False,http://www.transwhiz.com/,temp-fid-0041baa7e7931b895c5cf32e51f51844,2020-08-27T01:55:15Z,https://api.ooni.io/api/v1/measurement/temp-fid-0041baa7e7931b895c5cf32e51f51844,AS36925,MA,20200827T015423Z_AS36925_v8hAd87K80QJgE5sbPzW1fjXDNV7mvvWZanYMCuHVC5kG8d9cG,"{'blocking_country': 0.0, 'blocking_general': 0.0, 'blocking_global': 0.0, 'blocking_isp': 0.0, 'blocking_local': 0.0}",web_connectivity
145,False,False,False,http://www.pcusa.org/,temp-fid-00fb335da27fa72cece6ef769c9a37eb,2020-08-27T01:55:14Z,https://api.ooni.io/api/v1/measurement/temp-fid-00fb335da27fa72cece6ef769c9a37eb,AS36925,MA,20200827T015423Z_AS36925_v8hAd87K80QJgE5sbPzW1fjXDNV7mvvWZanYMCuHVC5kG8d9cG,"{'blocking_country': 0.0, 'blocking_general': 0.0, 'blocking_global': 0.0, 'blocking_isp': 0.0, 'blocking_local': 0.0}",web_connectivity
146,False,False,False,https://www.viber.com/,temp-fid-00f9a353d2f340ea3ac6921e4588173a,2020-08-27T01:55:13Z,https://api.ooni.io/api/v1/measurement/temp-fid-00f9a353d2f340ea3ac6921e4588173a,AS36925,MA,20200827T015423Z_AS36925_v8hAd87K80QJgE5sbPzW1fjXDNV7mvvWZanYMCuHVC5kG8d9cG,"{'blocking_country': 0.0, 'blocking_general': 0.0, 'blocking_global': 0.0, 'blocking_isp': 0.0, 'blocking_local': 0.0}",web_connectivity
147,False,False,False,http://www.foreignword.com/,temp-fid-00becee41db19fca04067f381c761b48,2020-08-27T01:55:12Z,https://api.ooni.io/api/v1/measurement/temp-fid-00becee41db19fca04067f381c761b48,AS36925,MA,20200827T015423Z_AS36925_v8hAd87K80QJgE5sbPzW1fjXDNV7mvvWZanYMCuHVC5kG8d9cG,"{'blocking_country': 0.0, 'blocking_general': 0.0, 'blocking_global': 0.0, 'blocking_isp': 0.0, 'blocking_local': 0.0}",web_connectivity
148,False,False,False,http://www.asterisk.org/,temp-fid-00e89f1ecfde0fdfaf3f178f1b8c7743,2020-08-27T01:55:11Z,https://api.ooni.io/api/v1/measurement/temp-fid-00e89f1ecfde0fdfaf3f178f1b8c7743,AS36925,MA,20200827T015423Z_AS36925_v8hAd87K80QJgE5sbPzW1fjXDNV7mvvWZanYMCuHVC5kG8d9cG,"{'blocking_country': 0.0, 'blocking_general': 0.0, 'blocking_global': 0.0, 'blocking_isp': 0.0, 'blocking_local': 0.0}",web_connectivity
149,False,False,False,http://www.eccouncil.org/,temp-fid-001c138baf7803e5d38441427c39da34,2020-08-27T01:55:10Z,https://api.ooni.io/api/v1/measurement/temp-fid-001c138baf7803e5d38441427c39da34,AS36925,MA,20200827T015423Z_AS36925_v8hAd87K80QJgE5sbPzW1fjXDNV7mvvWZanYMCuHVC5kG8d9cG,"{'blocking_country': 0.0, 'blocking_general': 0.0, 'blocking_global': 0.0, 'blocking_isp': 0.0, 'blocking_local': 0.0}",web_connectivity
150,False,False,False,https://www.febrayer.com/,temp-fid-00abf53e46ea77b91b435009e9d3fa58,2020-08-27T01:55:10Z,https://api.ooni.io/api/v1/measurement/temp-fid-00abf53e46ea77b91b435009e9d3fa58,AS36925,MA,20200827T015423Z_AS36925_v8hAd87K80QJgE5sbPzW1fjXDNV7mvvWZanYMCuHVC5kG8d9cG,"{'blocking_country': 0.0, 'blocking_general': 0.0, 'blocking_global': 0.0, 'blocking_isp': 0.0, 'blocking_local': 0.0}",web_connectivity
151,False,False,False,http://www.zwag123.ga/,temp-fid-007c3aa0377a2ccd438d825e885abfac,2020-08-27T01:55:07Z,https://api.ooni.io/api/v1/measurement/temp-fid-007c3aa0377a2ccd438d825e885abfac,AS36925,MA,20200827T015423Z_AS36925_v8hAd87K80QJgE5sbPzW1fjXDNV7mvvWZanYMCuHVC5kG8d9cG,"{'blocking_country': 0.0, 'blocking_general': 0.0, 'blocking_global': 0.0, 'blocking_isp': 0.0, 'blocking_local': 0.0}",web_connectivity
152,False,False,False,https://www.mamfakinch.com/,temp-fid-007813670d402e7da69caaefe1420215,2020-08-27T01:55:05Z,https://api.ooni.io/api/v1/measurement/temp-fid-007813670d402e7da69caaefe1420215,AS36925,MA,20200827T015423Z_AS36925_v8hAd87K80QJgE5sbPzW1fjXDNV7mvvWZanYMCuHVC5kG8d9cG,"{'blocking_country': 0.0, 'blocking_general': 0.0, 'blocking_global': 0.0, 'blocking_isp': 0.0, 'blocking_local': 0.0}",web_connectivity
153,False,False,False,https://www.bing.com/covid,temp-fid-0094f0bd16524257c0671040b5d2ae0a,2020-08-27T01:55:04Z,https://api.ooni.io/api/v1/measurement/temp-fid-0094f0bd16524257c0671040b5d2ae0a,AS36925,MA,20200827T015423Z_AS36925_v8hAd87K80QJgE5sbPzW1fjXDNV7mvvWZanYMCuHVC5kG8d9cG,"{'blocking_country': 0.0, 'blocking_general': 0.0, 'blocking_global': 0.0, 'blocking_isp': 0.0, 'blocking_local': 0.0}",web_connectivity
154,False,False,False,http://shia.org/,temp-fid-00e2428850ca797f0f4991744445eaa3,2020-08-27T01:55:03Z,https://api.ooni.io/api/v1/measurement/temp-fid-00e2428850ca797f0f4991744445eaa3,AS36925,MA,20200827T015423Z_AS36925_v8hAd87K80QJgE5sbPzW1fjXDNV7mvvWZanYMCuHVC5kG8d9cG,"{'blocking_country': 0.0, 'blocking_general': 0.0, 'blocking_global': 0.0, 'blocking_isp': 0.0, 'blocking_local': 0.0}",web_connectivity
155,False,False,False,https://www.wmtransfer.com/,temp-fid-00aa49c9ada40ec517869f1a2c085beb,2020-08-27T01:55:02Z,https://api.ooni.io/api/v1/measurement/temp-fid-00aa49c9ada40ec517869f1a2c085beb,AS36925,MA,20200827T015423Z_AS36925_v8hAd87K80QJgE5sbPzW1fjXDNV7mvvWZanYMCuHVC5kG8d9cG,"{'blocking_country': 0.0, 'blocking_general': 0.0, 'blocking_global': 0.0, 'blocking_isp': 0.0, 'blocking_local': 0.0}",web_connectivity
156,False,False,False,http://bahai-internet-services.org/,temp-fid-00a275518bb90ad3f761782bb76f3017,2020-08-27T01:55:02Z,https://api.ooni.io/api/v1/measurement/temp-fid-00a275518bb90ad3f761782bb76f3017,AS36925,MA,20200827T015423Z_AS36925_v8hAd87K80QJgE5sbPzW1fjXDNV7mvvWZanYMCuHVC5kG8d9cG,"{'blocking_country': 0.0, 'blocking_general': 0.0, 'blocking_global': 0.0, 'blocking_isp': 0.0, 'blocking_local': 0.0}",web_connectivity
157,False,False,False,https://www.eff.org/,temp-fid-0069a23b7c0ba7fe12a43ac5f2d5e171,2020-08-27T01:55:00Z,https://api.ooni.io/api/v1/measurement/temp-fid-0069a23b7c0ba7fe12a43ac5f2d5e171,AS36925,MA,20200827T015423Z_AS36925_v8hAd87K80QJgE5sbPzW1fjXDNV7mvvWZanYMCuHVC5kG8d9cG,"{'blocking_country': 0.0, 'blocking_general': 0.0, 'blocking_global': 0.0, 'blocking_isp': 0.0, 'blocking_local': 0.0}",web_connectivity
158,False,False,False,https://www.gulf-up.com/,temp-fid-002111622a82592850d7286e05b037ce,2020-08-27T01:54:59Z,https://api.ooni.io/api/v1/measurement/temp-fid-002111622a82592850d7286e05b037ce,AS36925,MA,20200827T015423Z_AS36925_v8hAd87K80QJgE5sbPzW1fjXDNV7mvvWZanYMCuHVC5kG8d9cG,"{'blocking_country': 0.0, 'blocking_general': 0.0, 'blocking_global': 0.0, 'blocking_isp': 0.0, 'blocking_local': 0.0}",web_connectivity
159,False,False,False,https://www.twitch.tv/,temp-fid-002ea1351a1ae61027a532173d5fa59c,2020-08-27T01:54:57Z,https://api.ooni.io/api/v1/measurement/temp-fid-002ea1351a1ae61027a532173d5fa59c,AS36925,MA,20200827T015423Z_AS36925_v8hAd87K80QJgE5sbPzW1fjXDNV7mvvWZanYMCuHVC5kG8d9cG,"{'blocking_country': 0.0, 'blocking_general': 0.0, 'blocking_global': 0.0, 'blocking_isp': 0.0, 'blocking_local': 0.0}",web_connectivity
160,False,False,False,https://dafina.net/,temp-fid-00ab7c0846429947688382626981569a,2020-08-27T01:54:57Z,https://api.ooni.io/api/v1/measurement/temp-fid-00ab7c0846429947688382626981569a,AS36925,MA,20200827T015423Z_AS36925_v8hAd87K80QJgE5sbPzW1fjXDNV7mvvWZanYMCuHVC5kG8d9cG,"{'blocking_country': 0.0, 'blocking_general': 0.0, 'blocking_global': 0.0, 'blocking_isp': 0.0, 'blocking_local': 0.0}",web_connectivity
161,False,False,False,https://thehiddenwiki.org/,temp-fid-000b77a4f14373202b59f4fc9edc57ca,2020-08-27T01:54:56Z,https://api.ooni.io/api/v1/measurement/temp-fid-000b77a4f14373202b59f4fc9edc57ca,AS36925,MA,20200827T015423Z_AS36925_v8hAd87K80QJgE5sbPzW1fjXDNV7mvvWZanYMCuHVC5kG8d9cG,"{'blocking_country': 0.0, 'blocking_general': 0.0, 'blocking_global': 0.0, 'blocking_isp': 0.0, 'blocking_local': 0.0}",web_connectivity
162,False,False,False,http://amphetamines.com/,temp-fid-00c12f2d6cf663f280e05e8535d7d212,2020-08-27T01:54:53Z,https://api.ooni.io/api/v1/measurement/temp-fid-00c12f2d6cf663f280e05e8535d7d212,AS36925,MA,20200827T015423Z_AS36925_v8hAd87K80QJgE5sbPzW1fjXDNV7mvvWZanYMCuHVC5kG8d9cG,"{'blocking_country': 0.0, 'blocking_general': 0.0, 'blocking_global': 0.0, 'blocking_isp': 0.0, 'blocking_local': 0.0}",web_connectivity
163,False,False,False,https://arij.net/,temp-fid-00dffd58417094929fbc802ad8869461,2020-08-27T01:54:52Z,https://api.ooni.io/api/v1/measurement/temp-fid-00dffd58417094929fbc802ad8869461,AS36925,MA,20200827T015423Z_AS36925_v8hAd87K80QJgE5sbPzW1fjXDNV7mvvWZanYMCuHVC5kG8d9cG,"{'blocking_country': 0.0, 'blocking_general': 0.0, 'blocking_global': 0.0, 'blocking_isp': 0.0, 'blocking_local': 0.0}",web_connectivity
164,False,False,False,https://www.herdict.org/,temp-fid-0072f164095df0e9d850446e4d1c6b67,2020-08-27T01:54:52Z,https://api.ooni.io/api/v1/measurement/temp-fid-0072f164095df0e9d850446e4d1c6b67,AS36925,MA,20200827T015423Z_AS36925_v8hAd87K80QJgE5sbPzW1fjXDNV7mvvWZanYMCuHVC5kG8d9cG,"{'blocking_country': 0.0, 'blocking_general': 0.0, 'blocking_global': 0.0, 'blocking_isp': 0.0, 'blocking_local': 0.0}",web_connectivity
165,False,False,False,https://www.vice.com/en_us,temp-fid-007af5057dd724a1c206fd3e6b02ee34,2020-08-27T01:54:50Z,https://api.ooni.io/api/v1/measurement/temp-fid-007af5057dd724a1c206fd3e6b02ee34,AS36925,MA,20200827T015423Z_AS36925_v8hAd87K80QJgE5sbPzW1fjXDNV7mvvWZanYMCuHVC5kG8d9cG,"{'blocking_country': 0.0, 'blocking_general': 0.0, 'blocking_global': 0.0, 'blocking_isp': 0.0, 'blocking_local': 0.0}",web_connectivity
166,False,False,False,http://3arabporn.com/,temp-fid-00fc2637342c4d1d64671660dce9ddea,2020-08-27T01:54:50Z,https://api.ooni.io/api/v1/measurement/temp-fid-00fc2637342c4d1d64671660dce9ddea,AS36925,MA,20200827T015423Z_AS36925_v8hAd87K80QJgE5sbPzW1fjXDNV7mvvWZanYMCuHVC5kG8d9cG,"{'blocking_country': 0.0, 'blocking_general': 0.0, 'blocking_global': 0.0, 'blocking_isp': 0.0, 'blocking_local': 0.0}",web_connectivity
167,False,False,False,https://www.goud.ma/,temp-fid-00f53815b58858cc9818d6624c266f8f,2020-08-27T01:54:49Z,https://api.ooni.io/api/v1/measurement/temp-fid-00f53815b58858cc9818d6624c266f8f,AS36925,MA,20200827T015423Z_AS36925_v8hAd87K80QJgE5sbPzW1fjXDNV7mvvWZanYMCuHVC5kG8d9cG,"{'blocking_country': 0.0, 'blocking_general': 0.0, 'blocking_global': 0.0, 'blocking_isp': 0.0, 'blocking_local': 0.0}",web_connectivity
168,False,False,False,https://www.mideastyouth.com/,temp-fid-003ca416b94ecfc1ca79eb554733de68,2020-08-27T01:54:47Z,https://api.ooni.io/api/v1/measurement/temp-fid-003ca416b94ecfc1ca79eb554733de68,AS36925,MA,20200827T015423Z_AS36925_v8hAd87K80QJgE5sbPzW1fjXDNV7mvvWZanYMCuHVC5kG8d9cG,"{'blocking_country': 0.0, 'blocking_general': 0.0, 'blocking_global': 0.0, 'blocking_isp': 0.0, 'blocking_local': 0.0}",web_connectivity
169,False,False,False,https://www.netflix.com/,temp-fid-0025c96fac741897dd60bcc44ac721f2,2020-08-27T01:54:46Z,https://api.ooni.io/api/v1/measurement/temp-fid-0025c96fac741897dd60bcc44ac721f2,AS36925,MA,20200827T015423Z_AS36925_v8hAd87K80QJgE5sbPzW1fjXDNV7mvvWZanYMCuHVC5kG8d9cG,"{'blocking_country': 0.0, 'blocking_general': 0.0, 'blocking_global': 0.0, 'blocking_isp': 0.0, 'blocking_local': 0.0}",web_connectivity
170,False,False,False,http://www.adamir.net/,temp-fid-007b7432494b0db0ab6cee4f3897c4dc,2020-08-27T01:54:44Z,https://api.ooni.io/api/v1/measurement/temp-fid-007b7432494b0db0ab6cee4f3897c4dc,AS36925,MA,20200827T015423Z_AS36925_v8hAd87K80QJgE5sbPzW1fjXDNV7mvvWZanYMCuHVC5kG8d9cG,"{'blocking_country': 0.0, 'blocking_general': 0.0, 'blocking_global': 0.0, 'blocking_isp': 0.0, 'blocking_local': 0.0}",web_connectivity
171,False,False,False,http://www.mail2web.com/,temp-fid-008cb9b6875d6eeee30d7be2a6f9b62f,2020-08-27T01:54:43Z,https://api.ooni.io/api/v1/measurement/temp-fid-008cb9b6875d6eeee30d7be2a6f9b62f,AS36925,MA,20200827T015423Z_AS36925_v8hAd87K80QJgE5sbPzW1fjXDNV7mvvWZanYMCuHVC5kG8d9cG,"{'blocking_country': 0.0, 'blocking_general': 0.0, 'blocking_global': 0.0, 'blocking_isp': 0.0, 'blocking_local': 0.0}",web_connectivity
172,True,False,False,https://www.jumia.ma/,temp-fid-00a3293daac8ffe648b7ecbe26902514,2020-08-27T01:54:43Z,https://api.ooni.io/api/v1/measurement/temp-fid-00a3293daac8ffe648b7ecbe26902514,AS36925,MA,20200827T015423Z_AS36925_v8hAd87K80QJgE5sbPzW1fjXDNV7mvvWZanYMCuHVC5kG8d9cG,"{'analysis': {'blocking_type': 'http-diff'}, 'blocking_country': 0.0, 'blocking_general': 1.0, 'blocking_global': 0.0, 'blocking_isp': 0.0, 'blocking_local': 0.0}",web_connectivity
173,False,False,False,https://www.weforum.org/,temp-fid-00cdba92572cc3ba868e17dfba3fc71f,2020-08-27T01:54:41Z,https://api.ooni.io/api/v1/measurement/temp-fid-00cdba92572cc3ba868e17dfba3fc71f,AS36925,MA,20200827T015423Z_AS36925_v8hAd87K80QJgE5sbPzW1fjXDNV7mvvWZanYMCuHVC5kG8d9cG,"{'blocking_country': 0.0, 'blocking_general': 0.0, 'blocking_global': 0.0, 'blocking_isp': 0.0, 'blocking_local': 0.0}",web_connectivity
174,False,False,False,https://www.opioids.com/,temp-fid-00e59380fe4d0be426d1b124738b429a,2020-08-27T01:54:39Z,https://api.ooni.io/api/v1/measurement/temp-fid-00e59380fe4d0be426d1b124738b429a,AS36925,MA,20200827T015423Z_AS36925_v8hAd87K80QJgE5sbPzW1fjXDNV7mvvWZanYMCuHVC5kG8d9cG,"{'blocking_country': 0.0, 'blocking_general': 0.0, 'blocking_global': 0.0, 'blocking_isp': 0.0, 'blocking_local': 0.0}",web_connectivity
175,False,False,False,https://www.upcvup.com/,temp-fid-00f6a8e7033eebbceb43d100e29657bd,2020-08-27T01:54:39Z,https://api.ooni.io/api/v1/measurement/temp-fid-00f6a8e7033eebbceb43d100e29657bd,AS36925,MA,20200827T015423Z_AS36925_v8hAd87K80QJgE5sbPzW1fjXDNV7mvvWZanYMCuHVC5kG8d9cG,"{'blocking_country': 0.0, 'blocking_general': 0.0, 'blocking_global': 0.0, 'blocking_isp': 0.0, 'blocking_local': 0.0}",web_connectivity
176,False,False,False,http://www.actionaid.org/,temp-fid-0087e82e924388fd48d0d6e7aceca621,2020-08-27T01:54:37Z,https://api.ooni.io/api/v1/measurement/temp-fid-0087e82e924388fd48d0d6e7aceca621,AS36925,MA,20200827T015423Z_AS36925_v8hAd87K80QJgE5sbPzW1fjXDNV7mvvWZanYMCuHVC5kG8d9cG,"{'blocking_country': 0.0, 'blocking_general': 0.0, 'blocking_global': 0.0, 'blocking_isp': 0.0, 'blocking_local': 0.0}",web_connectivity
177,False,False,False,http://www.transparentgender.com/,temp-fid-0016079380b3d10186281d767691e24f,2020-08-27T01:54:37Z,https://api.ooni.io/api/v1/measurement/temp-fid-0016079380b3d10186281d767691e24f,AS36925,MA,20200827T015423Z_AS36925_v8hAd87K80QJgE5sbPzW1fjXDNV7mvvWZanYMCuHVC5kG8d9cG,"{'blocking_country': 0.0, 'blocking_general': 0.0, 'blocking_global': 0.0, 'blocking_isp': 0.0, 'blocking_local': 0.0}",web_connectivity
178,False,False,False,https://www.independentarabia.com/,temp-fid-00240e86ef9c0b0470c44aa05016df9c,2020-08-27T01:54:35Z,https://api.ooni.io/api/v1/measurement/temp-fid-00240e86ef9c0b0470c44aa05016df9c,AS36925,MA,20200827T015423Z_AS36925_v8hAd87K80QJgE5sbPzW1fjXDNV7mvvWZanYMCuHVC5kG8d9cG,"{'blocking_country': 0.0, 'blocking_general': 0.0, 'blocking_global': 0.0, 'blocking_isp': 0.0, 'blocking_local': 0.0}",web_connectivity
179,False,False,False,http://www.tsroadmap.com/,temp-fid-00c0da75d481174040ad30b9b5267f68,2020-08-27T01:54:29Z,https://api.ooni.io/api/v1/measurement/temp-fid-00c0da75d481174040ad30b9b5267f68,AS36925,MA,20200827T015423Z_AS36925_v8hAd87K80QJgE5sbPzW1fjXDNV7mvvWZanYMCuHVC5kG8d9cG,"{'blocking_country': 0.0, 'blocking_general': 0.0, 'blocking_global': 0.0, 'blocking_isp': 0.0, 'blocking_local': 0.0}",web_connectivity
180,False,False,False,https://www.lesiteinfo.com/,temp-fid-00fd016ea54d5b9df6e31673cd61cb83,2020-08-27T01:54:29Z,https://api.ooni.io/api/v1/measurement/temp-fid-00fd016ea54d5b9df6e31673cd61cb83,AS36925,MA,20200827T015423Z_AS36925_v8hAd87K80QJgE5sbPzW1fjXDNV7mvvWZanYMCuHVC5kG8d9cG,"{'blocking_country': 0.0, 'blocking_general': 0.0, 'blocking_global': 0.0, 'blocking_isp': 0.0, 'blocking_local': 0.0}",web_connectivity
181,False,False,False,https://www.facebook.com/MALIMaroc09/,temp-fid-00002744a6db26b5c7cbcbd718a4bec4,2020-08-27T01:54:27Z,https://api.ooni.io/api/v1/measurement/temp-fid-00002744a6db26b5c7cbcbd718a4bec4,AS36925,MA,20200827T015423Z_AS36925_v8hAd87K80QJgE5sbPzW1fjXDNV7mvvWZanYMCuHVC5kG8d9cG,"{'blocking_country': 0.0, 'blocking_general': 0.0, 'blocking_global': 0.0, 'blocking_isp': 0.0, 'blocking_local': 0.0}",web_connectivity
182,False,False,False,https://www.bacardi.com/,temp-fid-00b99e2c0b7d78b4c42890aceff35724,2020-08-27T01:54:26Z,https://api.ooni.io/api/v1/measurement/temp-fid-00b99e2c0b7d78b4c42890aceff35724,AS36925,MA,20200827T015423Z_AS36925_v8hAd87K80QJgE5sbPzW1fjXDNV7mvvWZanYMCuHVC5kG8d9cG,"{'blocking_country': 0.0, 'blocking_general': 0.0, 'blocking_global': 0.0, 'blocking_isp': 0.0, 'blocking_local': 0.0}",web_connectivity
183,False,False,False,http://blogspot.com/,temp-fid-00af3195320963781d11226658557f81,2020-08-27T01:54:21Z,https://api.ooni.io/api/v1/measurement/temp-fid-00af3195320963781d11226658557f81,AS36925,MA,20200827T015423Z_AS36925_v8hAd87K80QJgE5sbPzW1fjXDNV7mvvWZanYMCuHVC5kG8d9cG,"{'blocking_country': 0.0, 'blocking_general': 0.0, 'blocking_global': 0.0, 'blocking_isp': 0.0, 'blocking_local': 0.0}",web_connectivity
184,False,False,False,https://www.unwomen.org/en/news/stories/2019/5/compilation-lgbti-activists-to-know,temp-fid-005ff46d6597227dbe734b12431791ab,2020-08-27T01:54:21Z,https://api.ooni.io/api/v1/measurement/temp-fid-005ff46d6597227dbe734b12431791ab,AS36925,MA,20200827T015423Z_AS36925_v8hAd87K80QJgE5sbPzW1fjXDNV7mvvWZanYMCuHVC5kG8d9cG,"{'blocking_country': 0.0, 'blocking_general': 0.0, 'blocking_global': 0.0, 'blocking_isp': 0.0, 'blocking_local': 0.0}",web_connectivity
185,False,False,False,http://www.exmormon.org/,temp-fid-007d735d79356e432485dbb09ecdd4cd,2020-08-27T01:54:21Z,https://api.ooni.io/api/v1/measurement/temp-fid-007d735d79356e432485dbb09ecdd4cd,AS36925,MA,20200827T015423Z_AS36925_v8hAd87K80QJgE5sbPzW1fjXDNV7mvvWZanYMCuHVC5kG8d9cG,"{'blocking_country': 0.0, 'blocking_general': 0.0, 'blocking_global': 0.0, 'blocking_isp': 0.0, 'blocking_local': 0.0}",web_connectivity
186,False,False,False,,temp-fid-00218dde0b932e69be4c3e10b0e3ac0d,2020-08-27T01:53:17Z,https://api.ooni.io/api/v1/measurement/temp-fid-00218dde0b932e69be4c3e10b0e3ac0d,AS36903,MA,20200827T015318Z_AS36903_nAce9MbYSLEf0FYAOuhPnO6ogHJcnCx2MCKFmIhEXrhsdbsOt6,{},ndt
187,False,False,False,,temp-fid-006895e7116193cacf33d08ac8165b7e,2020-08-27T01:41:55Z,https://api.ooni.io/api/v1/measurement/temp-fid-006895e7116193cacf33d08ac8165b7e,AS36925,MA,20200827T014156Z_AS36925_PKMkRDt5ufobncbLfOZWQsGjdq8MA5jbXwaaGBQSCdiupFctNR,{},ndt
188,False,False,False,,temp-fid-0069a048de2b763c8852fb0d6fcbb0f7,2020-08-27T01:17:03Z,https://api.ooni.io/api/v1/measurement/temp-fid-0069a048de2b763c8852fb0d6fcbb0f7,AS36903,MA,20200827T011852Z_AS36903_QdloazVZQ8ctAD0M1NaF3Zxjk946vrLVI2eF9MKRuRzt9Ht1iV,{},ndt
189,False,False,False,,temp-fid-00b4cddb6cb8879faf3732f971359af2,2020-08-27T01:16:35Z,https://api.ooni.io/api/v1/measurement/temp-fid-00b4cddb6cb8879faf3732f971359af2,AS36903,MA,20200827T011824Z_AS36903_6HvXOeNVTELlkqFuQzSA5RGcTRwCPCVFN2yceES86YYdMzW2MA,{},ndt
190,False,False,False,,temp-fid-00bb75a48c24050d30f7aa1148eeae50,2020-08-27T01:16:18Z,https://api.ooni.io/api/v1/measurement/temp-fid-00bb75a48c24050d30f7aa1148eeae50,AS36903,MA,20200827T011807Z_AS36903_C9fwWBy8GQ2TOgddP7FdgAzxevJf9f4v8H9SJoYsYrCKxwrVOS,{},ndt
191,False,False,False,,temp-fid-00e4f767c462a9593f83f27b39688edd,2020-08-27T00:32:02Z,https://api.ooni.io/api/v1/measurement/temp-fid-00e4f767c462a9593f83f27b39688edd,AS36903,MA,20200827T003206Z_AS36903_bLlawT7j6jkhZlaLlvakkDHzWJbBgRmdzduv5LoKOA54N619Aq,{},ndt
192,False,False,False,,temp-fid-006d5681e3692358dcac439845081e8d,2020-08-27T00:31:11Z,https://api.ooni.io/api/v1/measurement/temp-fid-006d5681e3692358dcac439845081e8d,AS36903,MA,20200827T003112Z_AS36903_gRbd1KqdOnVHmahAUZpxWnn6u51l3V6KaGyDOoSkj8bsVirOs2,{},ndt
193,False,False,False,,temp-fid-0018b99348ef2011c21b573c7fb8415a,2020-08-27T00:31:07Z,https://api.ooni.io/api/v1/measurement/temp-fid-0018b99348ef2011c21b573c7fb8415a,AS36903,MA,20200827T003108Z_AS36903_8x1mmBDgbUazXVaj4L4f9Xq1QQMH6zsi7CIsIBiGKez3hUwMcg,{},ndt
194,False,False,False,,temp-fid-008363ec01761ce58282e9e77726c974,2020-08-27T00:30:57Z,https://api.ooni.io/api/v1/measurement/temp-fid-008363ec01761ce58282e9e77726c974,AS36903,MA,20200827T003102Z_AS36903_OEhwKQHa6roHx7F92AJFqpBTFBEwMYaaa0gzhLcyLA2L6cTQcy,{},ndt
195,False,False,False,,temp-fid-0043985ba42dc40bf7483c87b2d4b0ed,2020-08-27T00:29:35Z,https://api.ooni.io/api/v1/measurement/temp-fid-0043985ba42dc40bf7483c87b2d4b0ed,AS36903,MA,20200827T002939Z_AS36903_N3dwDKNzEUV2EWeeRXtBENiX49vvoY3a8RXUnnSuHG8BtSuQc1,{},ndt
196,False,False,False,,temp-fid-00bb607b4f06394eb378f8553d2e7108,2020-08-27T00:09:49Z,https://api.ooni.io/api/v1/measurement/temp-fid-00bb607b4f06394eb378f8553d2e7108,AS36884,MA,20200827T000950Z_AS36884_MprCwQ5Glu0C3UFOovF752S7RXwi5gpt77uzni14lxRJfO2kiX,{},ndt
197,False,False,False,,temp-fid-002734b29971bff0dda31e51d3a65f61,2020-08-27T00:09:01Z,https://api.ooni.io/api/v1/measurement/temp-fid-002734b29971bff0dda31e51d3a65f61,AS36884,MA,20200827T000901Z_AS36884_zy9lqcp5JcfXqx1XasYvT6735AL7QxrTvjd1EqDSKW6xJShEjn,{},ndt
